#
# There is insufficient memory for the Java Runtime Environment to continue.
# Native memory allocation (mmap) failed to map 165675008 bytes. Error detail: G1 virtual space
# Possible reasons:
#   The system is out of physical RAM or swap space
#   This process is running with CompressedOops enabled, and the Java Heap may be blocking the growth of the native heap
# Possible solutions:
#   Reduce memory load on the system
#   Increase physical memory or swap space
#   Check if swap backing store is full
#   Decrease Java heap size (-Xmx/-Xms)
#   Decrease number of Java threads
#   Decrease Java thread stack sizes (-Xss)
#   Set larger code cache with -XX:ReservedCodeCacheSize=
#   JVM is running with Unscaled Compressed Oops mode in which the Java heap is
#     placed in the first 4GB address space. The Java Heap base address is the
#     maximum limit for the native heap growth. Please use -XX:HeapBaseMinAddress
#     to set the Java Heap base and to place the Java Heap above 4GB virtual address.
# This output file may be truncated or incomplete.
#
#  Out of Memory Error (os_windows.cpp:3898), pid=14880, tid=14784
#
# JRE version: OpenJDK Runtime Environment (21.0.7) (build 21.0.7+-13880790-b1038.58)
# Java VM: OpenJDK 64-Bit Server VM (21.0.7+-13880790-b1038.58, mixed mode, tiered, compressed oops, compressed class ptrs, g1 gc, windows-amd64)
# No core dump will be written. Minidumps are not enabled by default on client versions of Windows
#

---------------  S U M M A R Y ------------

Command Line: --add-opens=java.base/java.lang=ALL-UNNAMED --add-opens=java.base/java.lang.invoke=ALL-UNNAMED --add-opens=java.base/java.util=ALL-UNNAMED --add-opens=java.prefs/java.util.prefs=ALL-UNNAMED --add-exports=jdk.compiler/com.sun.tools.javac.api=ALL-UNNAMED --add-exports=jdk.compiler/com.sun.tools.javac.util=ALL-UNNAMED --add-opens=java.base/java.util=ALL-UNNAMED --add-opens=java.prefs/java.util.prefs=ALL-UNNAMED --add-opens=java.base/java.nio.charset=ALL-UNNAMED --add-opens=java.base/java.net=ALL-UNNAMED --add-opens=java.base/java.util.concurrent.atomic=ALL-UNNAMED --add-opens=java.xml/javax.xml.namespace=ALL-UNNAMED -Xmx2048m -Dfile.encoding=UTF-8 -Duser.country=ID -Duser.language=en -Duser.variant -javaagent:C:\Users\user\.gradle\wrapper\dists\gradle-8.13-bin\5xuhj0ry160q40clulazy9h7d\gradle-8.13\lib\agents\gradle-instrumentation-agent-8.13.jar org.gradle.launcher.daemon.bootstrap.GradleDaemon 8.13

Host: AMD Ryzen 3 7320U with Radeon Graphics         , 8 cores, 5G,  Windows 11 , 64 bit Build 26100 (10.0.26100.8246)
Time: Fri May  8 19:59:46 2026 SE Asia Standard Time elapsed time: 32.925873 seconds (0d 0h 0m 32s)

---------------  T H R E A D  ---------------

Current thread (0x0000020172404c30):  VMThread "VM Thread"          [id=14784, stack(0x000000a776100000,0x000000a776200000) (1024K)]

Stack: [0x000000a776100000,0x000000a776200000]
Native frames: (J=compiled Java code, j=interpreted, Vv=VM code, C=native code)
V  [jvm.dll+0x6d25c9]
V  [jvm.dll+0x860923]
V  [jvm.dll+0x862e7e]
V  [jvm.dll+0x863563]
V  [jvm.dll+0x27f156]
V  [jvm.dll+0x6ceee5]
V  [jvm.dll+0x6c29aa]
V  [jvm.dll+0x355ebb]
V  [jvm.dll+0x35db16]
V  [jvm.dll+0x3afb16]
V  [jvm.dll+0x3afde8]
V  [jvm.dll+0x32855c]
V  [jvm.dll+0x3285e7]
V  [jvm.dll+0x36e47c]
V  [jvm.dll+0x36cc2e]
V  [jvm.dll+0x327cb1]
V  [jvm.dll+0x36c330]
V  [jvm.dll+0x8692e8]
V  [jvm.dll+0x86a664]
V  [jvm.dll+0x86aba0]
V  [jvm.dll+0x86ae33]
V  [jvm.dll+0x808d08]
V  [jvm.dll+0x6d0e1d]
C  [ucrtbase.dll+0x37b0]
C  [KERNEL32.DLL+0x2e8d7]
C  [ntdll.dll+0x8c3fc]

VM_Operation (0x000000a7794f8370): G1CollectForAllocation, mode: safepoint, requested by thread 0x000002017ba2da00


---------------  P R O C E S S  ---------------

Threads class SMR info:
_java_thread_list=0x000002017e135270, length=137, elements={
0x000002015ad5f700, 0x00000201725c2d80, 0x00000201725c4350, 0x00000201725c6bf0,
0x00000201725f7bc0, 0x00000201725f8620, 0x00000201725dfb80, 0x00000201725e05e0,
0x00000201725e1bb0, 0x0000020172621c80, 0x0000020172909b70, 0x000002017879c010,
0x0000020178818ab0, 0x0000020178a81750, 0x0000020178aa3dd0, 0x0000020178aa4810,
0x00000201788a06b0, 0x00000201788cbe10, 0x00000201787be8e0, 0x00000201787bd530,
0x00000201787bf600, 0x00000201787bfc90, 0x00000201787be250, 0x00000201787c0320,
0x00000201787bef70, 0x00000201787bdbc0, 0x000002017a6700b0, 0x000002017a671460,
0x000002017a672810, 0x000002017a672ea0, 0x000002017a671af0, 0x000002017a670740,
0x000002017a674250, 0x000002017a677040, 0x000002017a675c90, 0x000002017a6748e0,
0x000002017a6776d0, 0x000002017a675600, 0x000002017a674f70, 0x000002017a676320,
0x000002017ba2c650, 0x000002017ba2b2a0, 0x000002017ba2da00, 0x000002017ba2cce0,
0x000002017ba2d370, 0x000002017ba2b930, 0x000002017ba2e090, 0x000002017ba2ac10,
0x000002017ba2edb0, 0x000002017ba2e720, 0x000002017ba2f440, 0x000002017ba2bfc0,
0x000002017ba307f0, 0x000002017ba31510, 0x000002017ba31ba0, 0x000002017ba32230,
0x0000020177d87590, 0x0000020177d88fd0, 0x0000020177d87c20, 0x0000020177d882b0,
0x0000020177d86870, 0x0000020177d89660, 0x0000020177d861e0, 0x0000020177d86f00,
0x0000020177d89cf0, 0x0000020177d88940, 0x0000020177d8bdc0, 0x0000020177d8d800,
0x0000020177d8cae0, 0x0000020177d8a380, 0x0000020177d8b730, 0x0000020177d8d170,
0x0000020177d8b0a0, 0x000002017bb2af30, 0x000002017bb2b5c0, 0x000002017bb287d0,
0x000002017bb28e60, 0x000002017cdce750, 0x000002017d08c840, 0x000002017d08efa0,
0x000002017d4ae440, 0x000002017d4aead0, 0x000002017d4ab650, 0x000002017d4af160,
0x000002017d4abce0, 0x000002017d4af7f0, 0x000002017d4ac370, 0x000002017d4b1230,
0x000002017d4afe80, 0x000002017d4b0510, 0x000002017d4b0ba0, 0x000002017e676720,
0x000002017e677ad0, 0x000002017e678160, 0x000002017e677440, 0x000002017e67a230,
0x000002017e676db0, 0x000002017e679ba0, 0x000002017e67af50, 0x000002017e6787f0,
0x000002017e678e80, 0x000002017e67bc70, 0x000002017e67a8c0, 0x000002017e67b5e0,
0x000002017e67c300, 0x000002017e67c990, 0x000002017e679510, 0x000002017e67d020,
0x000002017e67d6b0, 0x000002017e67dd40, 0x000002017d0909e0, 0x000002017d08e280,
0x000002017d08d560, 0x000002017d091070, 0x000002017d08dbf0, 0x000002017d091700,
0x000002017d091d90, 0x000002017d08e910, 0x000002017d092ab0, 0x000002017d08f630,
0x000002017d093140, 0x000002017d0937d0, 0x000002017d1e2d90, 0x000002017d1e68a0,
0x000002017d1e6f30, 0x000002017d1e7c50, 0x000002017d1e9000, 0x000002017d1e82e0,
0x000002017d1e9d20, 0x000002017d1e9690, 0x000002017d1e8970, 0x000002017d1ea3b0,
0x000002017d4aafc0, 0x000002017d4aa2a0, 0x000002017d4aca00, 0x000002017d4ad090,
0x000002017d4aa930
}

Java Threads: ( => current thread )
  0x000002015ad5f700 JavaThread "main"                              [_thread_blocked, id=17936, stack(0x000000a775a00000,0x000000a775b00000) (1024K)]
  0x00000201725c2d80 JavaThread "Common-Cleaner"             daemon [_thread_blocked, id=24904, stack(0x000000a776200000,0x000000a776300000) (1024K)]
  0x00000201725c4350 JavaThread "Reference Handler"          daemon [_thread_blocked, id=21644, stack(0x000000a776300000,0x000000a776400000) (1024K)]
  0x00000201725c6bf0 JavaThread "Finalizer"                  daemon [_thread_blocked, id=22964, stack(0x000000a776400000,0x000000a776500000) (1024K)]
  0x00000201725f7bc0 JavaThread "Signal Dispatcher"          daemon [_thread_blocked, id=22940, stack(0x000000a776500000,0x000000a776600000) (1024K)]
  0x00000201725f8620 JavaThread "Attach Listener"            daemon [_thread_blocked, id=12308, stack(0x000000a776600000,0x000000a776700000) (1024K)]
  0x00000201725dfb80 JavaThread "Service Thread"             daemon [_thread_blocked, id=12080, stack(0x000000a776700000,0x000000a776800000) (1024K)]
  0x00000201725e05e0 JavaThread "Monitor Deflation Thread"   daemon [_thread_blocked, id=22536, stack(0x000000a776800000,0x000000a776900000) (1024K)]
  0x00000201725e1bb0 JavaThread "C2 CompilerThread0"         daemon [_thread_blocked, id=14600, stack(0x000000a776900000,0x000000a776a00000) (1024K)]
  0x0000020172621c80 JavaThread "C1 CompilerThread0"         daemon [_thread_blocked, id=3752, stack(0x000000a776a00000,0x000000a776b00000) (1024K)]
  0x0000020172909b70 JavaThread "Notification Thread"        daemon [_thread_blocked, id=15376, stack(0x000000a776b00000,0x000000a776c00000) (1024K)]
  0x000002017879c010 JavaThread "Daemon health stats"               [_thread_blocked, id=26980, stack(0x000000a777100000,0x000000a777200000) (1024K)]
  0x0000020178818ab0 JavaThread "Incoming local TCP Connector on port 51283"        [_thread_in_native, id=6904, stack(0x000000a777200000,0x000000a777300000) (1024K)]
  0x0000020178a81750 JavaThread "Daemon periodic checks"            [_thread_blocked, id=20000, stack(0x000000a777300000,0x000000a777400000) (1024K)]
  0x0000020178aa3dd0 JavaThread "Daemon"                            [_thread_blocked, id=7896, stack(0x000000a777400000,0x000000a777500000) (1024K)]
  0x0000020178aa4810 JavaThread "Handler for socket connection from /127.0.0.1:51283 to /127.0.0.1:51284"        [_thread_in_native, id=11304, stack(0x000000a777500000,0x000000a777600000) (1024K)]
  0x00000201788a06b0 JavaThread "Cancel handler"                    [_thread_blocked, id=17456, stack(0x000000a777600000,0x000000a777700000) (1024K)]
  0x00000201788cbe10 JavaThread "Daemon worker"                     [_thread_blocked, id=932, stack(0x000000a777700000,0x000000a777800000) (1024K)]
  0x00000201787be8e0 JavaThread "Asynchronous log dispatcher for DefaultDaemonConnection: socket connection from /127.0.0.1:51283 to /127.0.0.1:51284"        [_thread_blocked, id=24188, stack(0x000000a777800000,0x000000a777900000) (1024K)]
  0x00000201787bd530 JavaThread "Stdin handler"                     [_thread_blocked, id=14804, stack(0x000000a777900000,0x000000a777a00000) (1024K)]
  0x00000201787bf600 JavaThread "Daemon client event forwarder"        [_thread_blocked, id=6052, stack(0x000000a777a00000,0x000000a777b00000) (1024K)]
  0x00000201787bfc90 JavaThread "Cache worker for journal cache (C:\Users\user\.gradle\caches\journal-1)"        [_thread_blocked, id=21500, stack(0x000000a777e00000,0x000000a777f00000) (1024K)]
  0x00000201787be250 JavaThread "File lock request listener"        [_thread_in_native, id=12808, stack(0x000000a777f00000,0x000000a778000000) (1024K)]
  0x00000201787c0320 JavaThread "Cache worker for file hash cache (C:\Users\user\.gradle\caches\8.13\fileHashes)"        [_thread_blocked, id=21008, stack(0x000000a778000000,0x000000a778100000) (1024K)]
  0x00000201787bef70 JavaThread "Cache worker for file hash cache (C:\Users\user\AndroidStudioProjects\MyApplication\.gradle\8.13\fileHashes)"        [_thread_blocked, id=15268, stack(0x000000a778200000,0x000000a778300000) (1024K)]
  0x00000201787bdbc0 JavaThread "Cache worker for Build Output Cleanup Cache (C:\Users\user\AndroidStudioProjects\MyApplication\.gradle\buildOutputCleanup)"        [_thread_blocked, id=20788, stack(0x000000a778300000,0x000000a778400000) (1024K)]
  0x000002017a6700b0 JavaThread "File watcher server"        daemon [_thread_blocked, id=9396, stack(0x000000a778400000,0x000000a778500000) (1024K)]
  0x000002017a671460 JavaThread "File watcher consumer"      daemon [_thread_blocked, id=24912, stack(0x000000a778500000,0x000000a778600000) (1024K)]
  0x000002017a672810 JavaThread "jar transforms"                    [_thread_blocked, id=5412, stack(0x000000a778600000,0x000000a778700000) (1024K)]
  0x000002017a672ea0 JavaThread "jar transforms Thread 2"           [_thread_blocked, id=18372, stack(0x000000a778700000,0x000000a778800000) (1024K)]
  0x000002017a671af0 JavaThread "Cache worker for checksums cache (C:\Users\user\AndroidStudioProjects\MyApplication\.gradle\8.13\checksums)"        [_thread_blocked, id=19300, stack(0x000000a778800000,0x000000a778900000) (1024K)]
  0x000002017a670740 JavaThread "Cache worker for file content cache (C:\Users\user\.gradle\caches\8.13\fileContent)"        [_thread_blocked, id=8984, stack(0x000000a778900000,0x000000a778a00000) (1024K)]
  0x000002017a674250 JavaThread "jar transforms Thread 3"           [_thread_blocked, id=24068, stack(0x000000a778a00000,0x000000a778b00000) (1024K)]
  0x000002017a677040 JavaThread "Cache worker for cache directory md-supplier (C:\Users\user\.gradle\caches\8.13\md-supplier)"        [_thread_blocked, id=13412, stack(0x000000a778b00000,0x000000a778c00000) (1024K)]
  0x000002017a675c90 JavaThread "Cache worker for cache directory md-rule (C:\Users\user\.gradle\caches\8.13\md-rule)"        [_thread_blocked, id=4028, stack(0x000000a778c00000,0x000000a778d00000) (1024K)]
  0x000002017a6748e0 JavaThread "Unconstrained build operations"        [_thread_blocked, id=9988, stack(0x000000a778d00000,0x000000a778e00000) (1024K)]
  0x000002017a6776d0 JavaThread "Unconstrained build operations Thread 2"        [_thread_blocked, id=5380, stack(0x000000a778e00000,0x000000a778f00000) (1024K)]
  0x000002017a675600 JavaThread "Unconstrained build operations Thread 3"        [_thread_blocked, id=16460, stack(0x000000a778f00000,0x000000a779000000) (1024K)]
  0x000002017a674f70 JavaThread "Unconstrained build operations Thread 4"        [_thread_blocked, id=19672, stack(0x000000a779000000,0x000000a779100000) (1024K)]
  0x000002017a676320 JavaThread "Unconstrained build operations Thread 5"        [_thread_blocked, id=10880, stack(0x000000a779100000,0x000000a779200000) (1024K)]
  0x000002017ba2c650 JavaThread "Unconstrained build operations Thread 6"        [_thread_blocked, id=1524, stack(0x000000a779200000,0x000000a779300000) (1024K)]
  0x000002017ba2b2a0 JavaThread "Unconstrained build operations Thread 7"        [_thread_blocked, id=27256, stack(0x000000a779300000,0x000000a779400000) (1024K)]
  0x000002017ba2da00 JavaThread "Unconstrained build operations Thread 8"        [_thread_blocked, id=19272, stack(0x000000a779400000,0x000000a779500000) (1024K)]
  0x000002017ba2cce0 JavaThread "jar transforms Thread 4"           [_thread_blocked, id=17816, stack(0x000000a779500000,0x000000a779600000) (1024K)]
  0x000002017ba2d370 JavaThread "jar transforms Thread 5"           [_thread_blocked, id=22144, stack(0x000000a779600000,0x000000a779700000) (1024K)]
  0x000002017ba2b930 JavaThread "Unconstrained build operations Thread 9"        [_thread_blocked, id=21952, stack(0x000000a779700000,0x000000a779800000) (1024K)]
  0x000002017ba2e090 JavaThread "Unconstrained build operations Thread 10"        [_thread_blocked, id=20768, stack(0x000000a779800000,0x000000a779900000) (1024K)]
  0x000002017ba2ac10 JavaThread "Unconstrained build operations Thread 11"        [_thread_blocked, id=13576, stack(0x000000a779900000,0x000000a779a00000) (1024K)]
  0x000002017ba2edb0 JavaThread "Unconstrained build operations Thread 12"        [_thread_blocked, id=9716, stack(0x000000a779a00000,0x000000a779b00000) (1024K)]
  0x000002017ba2e720 JavaThread "jar transforms Thread 6"           [_thread_blocked, id=25428, stack(0x000000a779b00000,0x000000a779c00000) (1024K)]
  0x000002017ba2f440 JavaThread "jar transforms Thread 7"           [_thread_blocked, id=14020, stack(0x000000a779c00000,0x000000a779d00000) (1024K)]
  0x000002017ba2bfc0 JavaThread "jar transforms Thread 8"           [_thread_blocked, id=7372, stack(0x000000a779d00000,0x000000a779e00000) (1024K)]
  0x000002017ba307f0 JavaThread "Unconstrained build operations Thread 13"        [_thread_blocked, id=27524, stack(0x000000a778100000,0x000000a778200000) (1024K)]
  0x000002017ba31510 JavaThread "Unconstrained build operations Thread 14"        [_thread_blocked, id=26052, stack(0x000000a779e00000,0x000000a779f00000) (1024K)]
  0x000002017ba31ba0 JavaThread "Unconstrained build operations Thread 15"        [_thread_blocked, id=7944, stack(0x000000a779f00000,0x000000a77a000000) (1024K)]
  0x000002017ba32230 JavaThread "Unconstrained build operations Thread 16"        [_thread_blocked, id=19332, stack(0x000000a77a000000,0x000000a77a100000) (1024K)]
  0x0000020177d87590 JavaThread "Unconstrained build operations Thread 17"        [_thread_blocked, id=6972, stack(0x000000a77a100000,0x000000a77a200000) (1024K)]
  0x0000020177d88fd0 JavaThread "Unconstrained build operations Thread 18"        [_thread_blocked, id=20680, stack(0x000000a77a200000,0x000000a77a300000) (1024K)]
  0x0000020177d87c20 JavaThread "Unconstrained build operations Thread 19"        [_thread_blocked, id=21928, stack(0x000000a77a300000,0x000000a77a400000) (1024K)]
  0x0000020177d882b0 JavaThread "Unconstrained build operations Thread 20"        [_thread_blocked, id=17516, stack(0x000000a77a400000,0x000000a77a500000) (1024K)]
  0x0000020177d86870 JavaThread "Unconstrained build operations Thread 21"        [_thread_blocked, id=23880, stack(0x000000a77a500000,0x000000a77a600000) (1024K)]
  0x0000020177d89660 JavaThread "Unconstrained build operations Thread 22"        [_thread_blocked, id=2252, stack(0x000000a77a600000,0x000000a77a700000) (1024K)]
  0x0000020177d861e0 JavaThread "Unconstrained build operations Thread 23"        [_thread_blocked, id=24792, stack(0x000000a77a700000,0x000000a77a800000) (1024K)]
  0x0000020177d86f00 JavaThread "Unconstrained build operations Thread 24"        [_thread_blocked, id=12724, stack(0x000000a77a800000,0x000000a77a900000) (1024K)]
  0x0000020177d89cf0 JavaThread "Unconstrained build operations Thread 25"        [_thread_blocked, id=1320, stack(0x000000a77a900000,0x000000a77aa00000) (1024K)]
  0x0000020177d88940 JavaThread "Unconstrained build operations Thread 26"        [_thread_blocked, id=4112, stack(0x000000a77aa00000,0x000000a77ab00000) (1024K)]
  0x0000020177d8bdc0 JavaThread "Unconstrained build operations Thread 27"        [_thread_blocked, id=944, stack(0x000000a77ab00000,0x000000a77ac00000) (1024K)]
  0x0000020177d8d800 JavaThread "Unconstrained build operations Thread 28"        [_thread_blocked, id=9536, stack(0x000000a77ac00000,0x000000a77ad00000) (1024K)]
  0x0000020177d8cae0 JavaThread "Unconstrained build operations Thread 29"        [_thread_blocked, id=17560, stack(0x000000a77ad00000,0x000000a77ae00000) (1024K)]
  0x0000020177d8a380 JavaThread "Unconstrained build operations Thread 30"        [_thread_blocked, id=9476, stack(0x000000a77ae00000,0x000000a77af00000) (1024K)]
  0x0000020177d8b730 JavaThread "Unconstrained build operations Thread 31"        [_thread_blocked, id=20440, stack(0x000000a77af00000,0x000000a77b000000) (1024K)]
  0x0000020177d8d170 JavaThread "Unconstrained build operations Thread 32"        [_thread_blocked, id=22408, stack(0x000000a77b000000,0x000000a77b100000) (1024K)]
  0x0000020177d8b0a0 JavaThread "Unconstrained build operations Thread 33"        [_thread_blocked, id=27532, stack(0x000000a77b100000,0x000000a77b200000) (1024K)]
  0x000002017bb2af30 JavaThread "build event listener"              [_thread_blocked, id=4852, stack(0x000000a77b200000,0x000000a77b300000) (1024K)]
  0x000002017bb2b5c0 JavaThread "Memory manager"                    [_thread_blocked, id=12076, stack(0x000000a77b400000,0x000000a77b500000) (1024K)]
  0x000002017bb287d0 JavaThread "build event listener"              [_thread_blocked, id=8200, stack(0x000000a77b500000,0x000000a77b600000) (1024K)]
  0x000002017bb28e60 JavaThread "Problems report writer"            [_thread_blocked, id=18880, stack(0x000000a77b600000,0x000000a77b700000) (1024K)]
  0x000002017cdce750 JavaThread "C2 CompilerThread1"         daemon [_thread_blocked, id=20704, stack(0x000000a77b300000,0x000000a77b400000) (1024K)]
  0x000002017d08c840 JavaThread "pool-3-thread-1"                   [_thread_blocked, id=19616, stack(0x000000a77b700000,0x000000a77b800000) (1024K)]
  0x000002017d08efa0 JavaThread "build event listener"              [_thread_blocked, id=18040, stack(0x000000a77b800000,0x000000a77b900000) (1024K)]
  0x000002017d4ae440 JavaThread "included builds"                   [_thread_blocked, id=16700, stack(0x000000a77b900000,0x000000a77ba00000) (1024K)]
  0x000002017d4aead0 JavaThread "Execution worker"                  [_thread_blocked, id=19316, stack(0x000000a77ba00000,0x000000a77bb00000) (1024K)]
  0x000002017d4ab650 JavaThread "Execution worker Thread 2"         [_thread_blocked, id=8416, stack(0x000000a77bb00000,0x000000a77bc00000) (1024K)]
  0x000002017d4af160 JavaThread "Execution worker Thread 3"         [_thread_blocked, id=24200, stack(0x000000a77bc00000,0x000000a77bd00000) (1024K)]
  0x000002017d4abce0 JavaThread "Execution worker Thread 4"         [_thread_blocked, id=17864, stack(0x000000a77bd00000,0x000000a77be00000) (1024K)]
  0x000002017d4af7f0 JavaThread "Execution worker Thread 5"         [_thread_blocked, id=19024, stack(0x000000a77be00000,0x000000a77bf00000) (1024K)]
  0x000002017d4ac370 JavaThread "Execution worker Thread 6"         [_thread_blocked, id=9100, stack(0x000000a77bf00000,0x000000a77c000000) (1024K)]
  0x000002017d4b1230 JavaThread "Execution worker Thread 7"         [_thread_blocked, id=21528, stack(0x000000a77c000000,0x000000a77c100000) (1024K)]
  0x000002017d4afe80 JavaThread "Cache worker for execution history cache (C:\Users\user\AndroidStudioProjects\MyApplication\.gradle\8.13\executionHistory)"        [_thread_blocked, id=9672, stack(0x000000a77c100000,0x000000a77c200000) (1024K)]
  0x000002017d4b0510 JavaThread "Unconstrained build operations Thread 34"        [_thread_blocked, id=6388, stack(0x000000a77c200000,0x000000a77c300000) (1024K)]
  0x000002017d4b0ba0 JavaThread "Unconstrained build operations Thread 35"        [_thread_blocked, id=20464, stack(0x000000a77c300000,0x000000a77c400000) (1024K)]
  0x000002017e676720 JavaThread "Unconstrained build operations Thread 36"        [_thread_blocked, id=9312, stack(0x000000a77c400000,0x000000a77c500000) (1024K)]
  0x000002017e677ad0 JavaThread "Unconstrained build operations Thread 37"        [_thread_blocked, id=15796, stack(0x000000a77c500000,0x000000a77c600000) (1024K)]
  0x000002017e678160 JavaThread "Unconstrained build operations Thread 38"        [_thread_blocked, id=15640, stack(0x000000a77c600000,0x000000a77c700000) (1024K)]
  0x000002017e677440 JavaThread "Unconstrained build operations Thread 39"        [_thread_blocked, id=19792, stack(0x000000a77c700000,0x000000a77c800000) (1024K)]
  0x000002017e67a230 JavaThread "Unconstrained build operations Thread 40"        [_thread_blocked, id=22628, stack(0x000000a77c800000,0x000000a77c900000) (1024K)]
  0x000002017e676db0 JavaThread "Unconstrained build operations Thread 41"        [_thread_blocked, id=16916, stack(0x000000a77c900000,0x000000a77ca00000) (1024K)]
  0x000002017e679ba0 JavaThread "Unconstrained build operations Thread 42"        [_thread_blocked, id=9484, stack(0x000000a77ca00000,0x000000a77cb00000) (1024K)]
  0x000002017e67af50 JavaThread "Unconstrained build operations Thread 43"        [_thread_blocked, id=12508, stack(0x000000a77cb00000,0x000000a77cc00000) (1024K)]
  0x000002017e6787f0 JavaThread "Unconstrained build operations Thread 44"        [_thread_blocked, id=4612, stack(0x000000a77cc00000,0x000000a77cd00000) (1024K)]
  0x000002017e678e80 JavaThread "Unconstrained build operations Thread 45"        [_thread_blocked, id=18576, stack(0x000000a77cd00000,0x000000a77ce00000) (1024K)]
  0x000002017e67bc70 JavaThread "Unconstrained build operations Thread 46"        [_thread_blocked, id=7000, stack(0x000000a77ce00000,0x000000a77cf00000) (1024K)]
  0x000002017e67a8c0 JavaThread "Unconstrained build operations Thread 47"        [_thread_blocked, id=10732, stack(0x000000a77cf00000,0x000000a77d000000) (1024K)]
  0x000002017e67b5e0 JavaThread "Unconstrained build operations Thread 48"        [_thread_blocked, id=23024, stack(0x000000a77d000000,0x000000a77d100000) (1024K)]
  0x000002017e67c300 JavaThread "Unconstrained build operations Thread 49"        [_thread_blocked, id=24324, stack(0x000000a77d100000,0x000000a77d200000) (1024K)]
  0x000002017e67c990 JavaThread "Unconstrained build operations Thread 50"        [_thread_blocked, id=20816, stack(0x000000a77d200000,0x000000a77d300000) (1024K)]
  0x000002017e679510 JavaThread "Unconstrained build operations Thread 51"        [_thread_blocked, id=6868, stack(0x000000a77d300000,0x000000a77d400000) (1024K)]
  0x000002017e67d020 JavaThread "Unconstrained build operations Thread 52"        [_thread_blocked, id=12596, stack(0x000000a77d400000,0x000000a77d500000) (1024K)]
  0x000002017e67d6b0 JavaThread "Unconstrained build operations Thread 53"        [_thread_blocked, id=10292, stack(0x000000a77d500000,0x000000a77d600000) (1024K)]
  0x000002017e67dd40 JavaThread "Unconstrained build operations Thread 54"        [_thread_blocked, id=10348, stack(0x000000a77d600000,0x000000a77d700000) (1024K)]
  0x000002017d0909e0 JavaThread "Unconstrained build operations Thread 55"        [_thread_blocked, id=21188, stack(0x000000a77d700000,0x000000a77d800000) (1024K)]
  0x000002017d08e280 JavaThread "Unconstrained build operations Thread 56"        [_thread_blocked, id=6408, stack(0x000000a77d800000,0x000000a77d900000) (1024K)]
  0x000002017d08d560 JavaThread "Unconstrained build operations Thread 57"        [_thread_blocked, id=16220, stack(0x000000a77d900000,0x000000a77da00000) (1024K)]
  0x000002017d091070 JavaThread "Unconstrained build operations Thread 58"        [_thread_blocked, id=27188, stack(0x000000a77da00000,0x000000a77db00000) (1024K)]
  0x000002017d08dbf0 JavaThread "Unconstrained build operations Thread 59"        [_thread_blocked, id=26164, stack(0x000000a77db00000,0x000000a77dc00000) (1024K)]
  0x000002017d091700 JavaThread "Unconstrained build operations Thread 60"        [_thread_blocked, id=5452, stack(0x000000a77dc00000,0x000000a77dd00000) (1024K)]
  0x000002017d091d90 JavaThread "Unconstrained build operations Thread 61"        [_thread_blocked, id=6372, stack(0x000000a77dd00000,0x000000a77de00000) (1024K)]
  0x000002017d08e910 JavaThread "Unconstrained build operations Thread 62"        [_thread_blocked, id=23808, stack(0x000000a77de00000,0x000000a77df00000) (1024K)]
  0x000002017d092ab0 JavaThread "Unconstrained build operations Thread 63"        [_thread_blocked, id=10472, stack(0x000000a77df00000,0x000000a77e000000) (1024K)]
  0x000002017d08f630 JavaThread "Unconstrained build operations Thread 64"        [_thread_blocked, id=15548, stack(0x000000a77e000000,0x000000a77e100000) (1024K)]
  0x000002017d093140 JavaThread "Unconstrained build operations Thread 65"        [_thread_blocked, id=6688, stack(0x000000a77e100000,0x000000a77e200000) (1024K)]
  0x000002017d0937d0 JavaThread "Unconstrained build operations Thread 66"        [_thread_blocked, id=20512, stack(0x000000a77e200000,0x000000a77e300000) (1024K)]
  0x000002017d1e2d90 JavaThread "Unconstrained build operations Thread 67"        [_thread_blocked, id=340, stack(0x000000a77e300000,0x000000a77e400000) (1024K)]
  0x000002017d1e68a0 JavaThread "Unconstrained build operations Thread 68"        [_thread_blocked, id=17748, stack(0x000000a77e400000,0x000000a77e500000) (1024K)]
  0x000002017d1e6f30 JavaThread "Unconstrained build operations Thread 69"        [_thread_blocked, id=16564, stack(0x000000a77e500000,0x000000a77e600000) (1024K)]
  0x000002017d1e7c50 JavaThread "WorkerExecutor Queue"              [_thread_blocked, id=25104, stack(0x000000a77e600000,0x000000a77e700000) (1024K)]
  0x000002017d1e9000 JavaThread "Unconstrained build operations Thread 70"        [_thread_blocked, id=21720, stack(0x000000a77e700000,0x000000a77e800000) (1024K)]
  0x000002017d1e82e0 JavaThread "Unconstrained build operations Thread 71"        [_thread_blocked, id=9228, stack(0x000000a77e800000,0x000000a77e900000) (1024K)]
  0x000002017d1e9d20 JavaThread "Unconstrained build operations Thread 72"        [_thread_blocked, id=22648, stack(0x000000a77e900000,0x000000a77ea00000) (1024K)]
  0x000002017d1e9690 JavaThread "Unconstrained build operations Thread 73"        [_thread_blocked, id=1916, stack(0x000000a77ea00000,0x000000a77eb00000) (1024K)]
  0x000002017d1e8970 JavaThread "Unconstrained build operations Thread 74"        [_thread_blocked, id=21724, stack(0x000000a77eb00000,0x000000a77ec00000) (1024K)]
  0x000002017d1ea3b0 JavaThread "Unconstrained build operations Thread 75"        [_thread_blocked, id=20644, stack(0x000000a77ec00000,0x000000a77ed00000) (1024K)]
  0x000002017d4aafc0 JavaThread "Unconstrained build operations Thread 76"        [_thread_blocked, id=11968, stack(0x000000a77ed00000,0x000000a77ee00000) (1024K)]
  0x000002017d4aa2a0 JavaThread "Unconstrained build operations Thread 77"        [_thread_blocked, id=25072, stack(0x000000a77ee00000,0x000000a77ef00000) (1024K)]
  0x000002017d4aca00 JavaThread "Unconstrained build operations Thread 78"        [_thread_blocked, id=17372, stack(0x000000a77ef00000,0x000000a77f000000) (1024K)]
  0x000002017d4ad090 JavaThread "Unconstrained build operations Thread 79"        [_thread_blocked, id=13532, stack(0x000000a77f000000,0x000000a77f100000) (1024K)]
  0x000002017d4aa930 JavaThread "Unconstrained build operations Thread 80"        [_thread_blocked, id=11476, stack(0x000000a77f100000,0x000000a77f200000) (1024K)]
Total: 137

Other Threads:
=>0x0000020172404c30 VMThread "VM Thread"                           [id=14784, stack(0x000000a776100000,0x000000a776200000) (1024K)]
  0x00000201723c0960 WatcherThread "VM Periodic Task Thread"        [id=13996, stack(0x000000a776000000,0x000000a776100000) (1024K)]
  0x0000020158b5e030 WorkerThread "GC Thread#0"                     [id=21392, stack(0x000000a775b00000,0x000000a775c00000) (1024K)]
  0x000002017736b550 WorkerThread "GC Thread#1"                     [id=16784, stack(0x000000a776c00000,0x000000a776d00000) (1024K)]
  0x0000020177332460 WorkerThread "GC Thread#2"                     [id=14232, stack(0x000000a776d00000,0x000000a776e00000) (1024K)]
  0x0000020177312c60 WorkerThread "GC Thread#3"                     [id=6804, stack(0x000000a776e00000,0x000000a776f00000) (1024K)]
  0x0000020177c74720 WorkerThread "GC Thread#4"                     [id=8252, stack(0x000000a776f00000,0x000000a777000000) (1024K)]
  0x0000020177b2f910 WorkerThread "GC Thread#5"                     [id=3416, stack(0x000000a777000000,0x000000a777100000) (1024K)]
  0x0000020178a727c0 WorkerThread "GC Thread#6"                     [id=5336, stack(0x000000a777b00000,0x000000a777c00000) (1024K)]
  0x0000020178a72f00 WorkerThread "GC Thread#7"                     [id=13076, stack(0x000000a777c00000,0x000000a777d00000) (1024K)]
  0x000002015adc7a20 ConcurrentGCThread "G1 Main Marker"            [id=2036, stack(0x000000a775c00000,0x000000a775d00000) (1024K)]
  0x000002015adc8430 WorkerThread "G1 Conc#0"                       [id=11564, stack(0x000000a775d00000,0x000000a775e00000) (1024K)]
  0x0000020178a72b60 WorkerThread "G1 Conc#1"                       [id=26264, stack(0x000000a777d00000,0x000000a777e00000) (1024K)]
  0x000002015ae1e8f0 ConcurrentGCThread "G1 Refine#0"               [id=21572, stack(0x000000a775e00000,0x000000a775f00000) (1024K)]
  0x0000020172290540 ConcurrentGCThread "G1 Service"                [id=11144, stack(0x000000a775f00000,0x000000a776000000) (1024K)]
Total: 15

Threads with active compile tasks:
C2 CompilerThread0  32980 18885       4       com.android.tools.r8.internal.l32::c (803 bytes)
C1 CompilerThread0  32980 19196       2       com.android.tools.r8.internal.t34::a (387 bytes)
C2 CompilerThread1  32980 18772       4       com.android.tools.r8.ir.optimize.z::a (563 bytes)
Total: 3

VM state: at safepoint (normal execution)

VM Mutex/Monitor currently owned by a thread:  ([mutex/lock_event])
[0x00007ffc7fd31468] Threads_lock - owner thread: 0x0000020172404c30
[0x00007ffc7fd31568] Heap_lock - owner thread: 0x000002017ba2da00

Heap address: 0x0000000080000000, size: 2048 MB, Compressed Oops mode: 32-bit

CDS archive(s) not mapped
Compressed class space mapped at: 0x0000000100000000-0x0000000140000000, reserved size: 1073741824
Narrow klass base: 0x0000000000000000, Narrow klass shift: 3, Narrow klass range: 0x140000000

GC Precious Log:
 CardTable entry size: 512
 Card Set container configuration: InlinePtr #cards 5 size 8 Array Of Cards #cards 12 size 40 Howl #buckets 4 coarsen threshold 1843 Howl Bitmap #cards 512 size 80 coarsen threshold 460 Card regions per heap region 1 cards per card region 2048
 CPUs: 8 total, 8 available
 Memory: 5877M
 Large Page Support: Disabled
 NUMA Support: Disabled
 Compressed Oops: Enabled (32-bit)
 Heap Region Size: 1M
 Heap Min Capacity: 8M
 Heap Initial Capacity: 92M
 Heap Max Capacity: 2G
 Pre-touch: Disabled
 Parallel Workers: 8
 Concurrent Workers: 2
 Concurrent Refinement Workers: 8
 Periodic GC: Disabled

Heap:
 garbage-first heap   total 339968K, used 201031K [0x0000000080000000, 0x0000000100000000)
  region size 1024K, 4 young (4096K), 4 survivors (4096K)
 Metaspace       used 141681K, committed 143872K, reserved 1179648K
  class space    used 19623K, committed 20736K, reserved 1048576K

Heap Regions: E=young(eden), S=young(survivor), O=old, HS=humongous(starts), HC=humongous(continues), CS=collection set, F=free, TAMS=top-at-mark-start, PB=parsable bottom
|   0|0x0000000080000000, 0x0000000080100000, 0x0000000080100000|100%|HS|  |TAMS 0x0000000080100000| PB 0x0000000080000000| Complete 
|   1|0x0000000080100000, 0x0000000080200000, 0x0000000080200000|100%|HC|  |TAMS 0x0000000080200000| PB 0x0000000080100000| Complete 
|   2|0x0000000080200000, 0x0000000080300000, 0x0000000080300000|100%|HC|  |TAMS 0x0000000080300000| PB 0x0000000080200000| Complete 
|   3|0x0000000080300000, 0x0000000080400000, 0x0000000080400000|100%| O|  |TAMS 0x0000000080400000| PB 0x0000000080300000| Untracked 
|   4|0x0000000080400000, 0x0000000080500000, 0x0000000080500000|100%| O|  |TAMS 0x0000000080500000| PB 0x0000000080400000| Untracked 
|   5|0x0000000080500000, 0x0000000080600000, 0x0000000080600000|100%| O|  |TAMS 0x0000000080600000| PB 0x0000000080500000| Untracked 
|   6|0x0000000080600000, 0x0000000080700000, 0x0000000080700000|100%|HS|  |TAMS 0x0000000080700000| PB 0x0000000080600000| Complete 
|   7|0x0000000080700000, 0x0000000080800000, 0x0000000080800000|100%| O|  |TAMS 0x0000000080800000| PB 0x0000000080700000| Untracked 
|   8|0x0000000080800000, 0x0000000080900000, 0x0000000080900000|100%| O|  |TAMS 0x0000000080900000| PB 0x0000000080800000| Untracked 
|   9|0x0000000080900000, 0x0000000080a00000, 0x0000000080a00000|100%| O|  |TAMS 0x0000000080a00000| PB 0x0000000080900000| Untracked 
|  10|0x0000000080a00000, 0x0000000080b00000, 0x0000000080b00000|100%| O|  |TAMS 0x0000000080b00000| PB 0x0000000080a00000| Untracked 
|  11|0x0000000080b00000, 0x0000000080c00000, 0x0000000080c00000|100%| O|  |TAMS 0x0000000080c00000| PB 0x0000000080b00000| Untracked 
|  12|0x0000000080c00000, 0x0000000080d00000, 0x0000000080d00000|100%| O|  |TAMS 0x0000000080d00000| PB 0x0000000080c00000| Untracked 
|  13|0x0000000080d00000, 0x0000000080e00000, 0x0000000080e00000|100%| O|  |TAMS 0x0000000080e00000| PB 0x0000000080d00000| Untracked 
|  14|0x0000000080e00000, 0x0000000080f00000, 0x0000000080f00000|100%| O|  |TAMS 0x0000000080f00000| PB 0x0000000080e00000| Untracked 
|  15|0x0000000080f00000, 0x0000000081000000, 0x0000000081000000|100%| O|  |TAMS 0x0000000081000000| PB 0x0000000080f00000| Untracked 
|  16|0x0000000081000000, 0x0000000081100000, 0x0000000081100000|100%| O|  |TAMS 0x0000000081100000| PB 0x0000000081000000| Untracked 
|  17|0x0000000081100000, 0x0000000081200000, 0x0000000081200000|100%| O|  |TAMS 0x0000000081200000| PB 0x0000000081100000| Untracked 
|  18|0x0000000081200000, 0x0000000081300000, 0x0000000081300000|100%| O|  |TAMS 0x0000000081300000| PB 0x0000000081200000| Untracked 
|  19|0x0000000081300000, 0x0000000081400000, 0x0000000081400000|100%| O|  |TAMS 0x0000000081400000| PB 0x0000000081300000| Untracked 
|  20|0x0000000081400000, 0x0000000081500000, 0x0000000081500000|100%| O|  |TAMS 0x0000000081500000| PB 0x0000000081400000| Untracked 
|  21|0x0000000081500000, 0x0000000081600000, 0x0000000081600000|100%| O|  |TAMS 0x0000000081600000| PB 0x0000000081500000| Untracked 
|  22|0x0000000081600000, 0x0000000081700000, 0x0000000081700000|100%| O|  |TAMS 0x0000000081700000| PB 0x0000000081600000| Untracked 
|  23|0x0000000081700000, 0x0000000081800000, 0x0000000081800000|100%| O|  |TAMS 0x0000000081800000| PB 0x0000000081700000| Untracked 
|  24|0x0000000081800000, 0x0000000081900000, 0x0000000081900000|100%| O|  |TAMS 0x0000000081900000| PB 0x0000000081800000| Untracked 
|  25|0x0000000081900000, 0x0000000081a00000, 0x0000000081a00000|100%| O|  |TAMS 0x0000000081a00000| PB 0x0000000081900000| Untracked 
|  26|0x0000000081a00000, 0x0000000081b00000, 0x0000000081b00000|100%| O|  |TAMS 0x0000000081b00000| PB 0x0000000081a00000| Untracked 
|  27|0x0000000081b00000, 0x0000000081c00000, 0x0000000081c00000|100%| O|  |TAMS 0x0000000081c00000| PB 0x0000000081b00000| Untracked 
|  28|0x0000000081c00000, 0x0000000081d00000, 0x0000000081d00000|100%| O|  |TAMS 0x0000000081d00000| PB 0x0000000081c00000| Untracked 
|  29|0x0000000081d00000, 0x0000000081e00000, 0x0000000081e00000|100%| O|  |TAMS 0x0000000081e00000| PB 0x0000000081d00000| Untracked 
|  30|0x0000000081e00000, 0x0000000081f00000, 0x0000000081f00000|100%| O|  |TAMS 0x0000000081f00000| PB 0x0000000081e00000| Untracked 
|  31|0x0000000081f00000, 0x0000000082000000, 0x0000000082000000|100%| O|  |TAMS 0x0000000082000000| PB 0x0000000081f00000| Untracked 
|  32|0x0000000082000000, 0x0000000082100000, 0x0000000082100000|100%| O|  |TAMS 0x0000000082100000| PB 0x0000000082000000| Untracked 
|  33|0x0000000082100000, 0x0000000082200000, 0x0000000082200000|100%| O|  |TAMS 0x0000000082200000| PB 0x0000000082100000| Untracked 
|  34|0x0000000082200000, 0x0000000082300000, 0x0000000082300000|100%| O|  |TAMS 0x0000000082300000| PB 0x0000000082200000| Untracked 
|  35|0x0000000082300000, 0x0000000082400000, 0x0000000082400000|100%| O|  |TAMS 0x0000000082400000| PB 0x0000000082300000| Untracked 
|  36|0x0000000082400000, 0x0000000082500000, 0x0000000082500000|100%| O|  |TAMS 0x0000000082500000| PB 0x0000000082400000| Untracked 
|  37|0x0000000082500000, 0x0000000082600000, 0x0000000082600000|100%| O|  |TAMS 0x0000000082600000| PB 0x0000000082500000| Untracked 
|  38|0x0000000082600000, 0x0000000082700000, 0x0000000082700000|100%| O|  |TAMS 0x0000000082700000| PB 0x0000000082600000| Untracked 
|  39|0x0000000082700000, 0x0000000082800000, 0x0000000082800000|100%| O|  |TAMS 0x0000000082800000| PB 0x0000000082700000| Untracked 
|  40|0x0000000082800000, 0x0000000082900000, 0x0000000082900000|100%| O|  |TAMS 0x0000000082900000| PB 0x0000000082800000| Untracked 
|  41|0x0000000082900000, 0x0000000082a00000, 0x0000000082a00000|100%| O|  |TAMS 0x0000000082a00000| PB 0x0000000082900000| Untracked 
|  42|0x0000000082a00000, 0x0000000082b00000, 0x0000000082b00000|100%| O|  |TAMS 0x0000000082b00000| PB 0x0000000082a00000| Untracked 
|  43|0x0000000082b00000, 0x0000000082c00000, 0x0000000082c00000|100%| O|  |TAMS 0x0000000082c00000| PB 0x0000000082b00000| Untracked 
|  44|0x0000000082c00000, 0x0000000082d00000, 0x0000000082d00000|100%| O|  |TAMS 0x0000000082d00000| PB 0x0000000082c00000| Untracked 
|  45|0x0000000082d00000, 0x0000000082e00000, 0x0000000082e00000|100%| O|  |TAMS 0x0000000082e00000| PB 0x0000000082d00000| Untracked 
|  46|0x0000000082e00000, 0x0000000082f00000, 0x0000000082f00000|100%|HS|  |TAMS 0x0000000082f00000| PB 0x0000000082e00000| Complete 
|  47|0x0000000082f00000, 0x0000000083000000, 0x0000000083000000|100%| O|  |TAMS 0x0000000083000000| PB 0x0000000082f00000| Untracked 
|  48|0x0000000083000000, 0x0000000083100000, 0x0000000083100000|100%| O|  |TAMS 0x0000000083100000| PB 0x0000000083000000| Untracked 
|  49|0x0000000083100000, 0x0000000083200000, 0x0000000083200000|100%| O|  |TAMS 0x0000000083200000| PB 0x0000000083100000| Untracked 
|  50|0x0000000083200000, 0x0000000083300000, 0x0000000083300000|100%|HS|  |TAMS 0x0000000083300000| PB 0x0000000083200000| Complete 
|  51|0x0000000083300000, 0x0000000083400000, 0x0000000083400000|100%| O|  |TAMS 0x0000000083400000| PB 0x0000000083300000| Untracked 
|  52|0x0000000083400000, 0x0000000083500000, 0x0000000083500000|100%| O|  |TAMS 0x0000000083500000| PB 0x0000000083400000| Untracked 
|  53|0x0000000083500000, 0x0000000083600000, 0x0000000083600000|100%| O|  |TAMS 0x0000000083600000| PB 0x0000000083500000| Untracked 
|  54|0x0000000083600000, 0x0000000083700000, 0x0000000083700000|100%|HS|  |TAMS 0x0000000083700000| PB 0x0000000083600000| Complete 
|  55|0x0000000083700000, 0x0000000083800000, 0x0000000083800000|100%|HS|  |TAMS 0x0000000083800000| PB 0x0000000083700000| Complete 
|  56|0x0000000083800000, 0x0000000083900000, 0x0000000083900000|100%|HS|  |TAMS 0x0000000083900000| PB 0x0000000083800000| Complete 
|  57|0x0000000083900000, 0x0000000083a00000, 0x0000000083a00000|100%|HS|  |TAMS 0x0000000083a00000| PB 0x0000000083900000| Complete 
|  58|0x0000000083a00000, 0x0000000083b00000, 0x0000000083b00000|100%|HC|  |TAMS 0x0000000083b00000| PB 0x0000000083a00000| Complete 
|  59|0x0000000083b00000, 0x0000000083c00000, 0x0000000083c00000|100%|HS|  |TAMS 0x0000000083c00000| PB 0x0000000083b00000| Complete 
|  60|0x0000000083c00000, 0x0000000083d00000, 0x0000000083d00000|100%| O|  |TAMS 0x0000000083d00000| PB 0x0000000083c00000| Untracked 
|  61|0x0000000083d00000, 0x0000000083e00000, 0x0000000083e00000|100%| O|  |TAMS 0x0000000083e00000| PB 0x0000000083d00000| Untracked 
|  62|0x0000000083e00000, 0x0000000083f00000, 0x0000000083f00000|100%| O|  |TAMS 0x0000000083f00000| PB 0x0000000083e00000| Untracked 
|  63|0x0000000083f00000, 0x0000000084000000, 0x0000000084000000|100%|HS|  |TAMS 0x0000000084000000| PB 0x0000000083f00000| Complete 
|  64|0x0000000084000000, 0x0000000084100000, 0x0000000084100000|100%|HC|  |TAMS 0x0000000084100000| PB 0x0000000084000000| Complete 
|  65|0x0000000084100000, 0x0000000084200000, 0x0000000084200000|100%|HS|  |TAMS 0x0000000084200000| PB 0x0000000084100000| Complete 
|  66|0x0000000084200000, 0x0000000084300000, 0x0000000084300000|100%|HC|  |TAMS 0x0000000084300000| PB 0x0000000084200000| Complete 
|  67|0x0000000084300000, 0x0000000084400000, 0x0000000084400000|100%|HC|  |TAMS 0x0000000084400000| PB 0x0000000084300000| Complete 
|  68|0x0000000084400000, 0x0000000084500000, 0x0000000084500000|100%|HC|  |TAMS 0x0000000084500000| PB 0x0000000084400000| Complete 
|  69|0x0000000084500000, 0x0000000084600000, 0x0000000084600000|100%| O|  |TAMS 0x0000000084600000| PB 0x0000000084500000| Untracked 
|  70|0x0000000084600000, 0x0000000084700000, 0x0000000084700000|100%|HS|  |TAMS 0x0000000084700000| PB 0x0000000084600000| Complete 
|  71|0x0000000084700000, 0x0000000084800000, 0x0000000084800000|100%| O|  |TAMS 0x0000000084800000| PB 0x0000000084700000| Untracked 
|  72|0x0000000084800000, 0x0000000084900000, 0x0000000084900000|100%| O|  |TAMS 0x0000000084900000| PB 0x0000000084800000| Untracked 
|  73|0x0000000084900000, 0x0000000084a00000, 0x0000000084a00000|100%| O|  |TAMS 0x0000000084a00000| PB 0x0000000084900000| Untracked 
|  74|0x0000000084a00000, 0x0000000084b00000, 0x0000000084b00000|100%| O|  |TAMS 0x0000000084b00000| PB 0x0000000084a00000| Untracked 
|  75|0x0000000084b00000, 0x0000000084c00000, 0x0000000084c00000|100%| O|  |TAMS 0x0000000084c00000| PB 0x0000000084b00000| Untracked 
|  76|0x0000000084c00000, 0x0000000084d00000, 0x0000000084d00000|100%|HS|  |TAMS 0x0000000084d00000| PB 0x0000000084c00000| Complete 
|  77|0x0000000084d00000, 0x0000000084e00000, 0x0000000084e00000|100%|HC|  |TAMS 0x0000000084e00000| PB 0x0000000084d00000| Complete 
|  78|0x0000000084e00000, 0x0000000084f00000, 0x0000000084f00000|100%|HC|  |TAMS 0x0000000084f00000| PB 0x0000000084e00000| Complete 
|  79|0x0000000084f00000, 0x0000000085000000, 0x0000000085000000|100%|HC|  |TAMS 0x0000000085000000| PB 0x0000000084f00000| Complete 
|  80|0x0000000085000000, 0x0000000085100000, 0x0000000085100000|100%| O|  |TAMS 0x0000000085100000| PB 0x0000000085000000| Untracked 
|  81|0x0000000085100000, 0x0000000085200000, 0x0000000085200000|100%| O|  |TAMS 0x0000000085200000| PB 0x0000000085100000| Untracked 
|  82|0x0000000085200000, 0x0000000085300000, 0x0000000085300000|100%| O|  |TAMS 0x0000000085300000| PB 0x0000000085200000| Untracked 
|  83|0x0000000085300000, 0x0000000085400000, 0x0000000085400000|100%| O|  |TAMS 0x0000000085400000| PB 0x0000000085300000| Untracked 
|  84|0x0000000085400000, 0x0000000085500000, 0x0000000085500000|100%| O|  |TAMS 0x0000000085500000| PB 0x0000000085400000| Untracked 
|  85|0x0000000085500000, 0x0000000085600000, 0x0000000085600000|100%| O|  |TAMS 0x0000000085600000| PB 0x0000000085500000| Untracked 
|  86|0x0000000085600000, 0x0000000085700000, 0x0000000085700000|100%| O|  |TAMS 0x0000000085700000| PB 0x0000000085600000| Untracked 
|  87|0x0000000085700000, 0x0000000085800000, 0x0000000085800000|100%| O|  |TAMS 0x0000000085800000| PB 0x0000000085700000| Untracked 
|  88|0x0000000085800000, 0x0000000085900000, 0x0000000085900000|100%| O|  |TAMS 0x0000000085900000| PB 0x0000000085800000| Untracked 
|  89|0x0000000085900000, 0x0000000085a00000, 0x0000000085a00000|100%| O|  |TAMS 0x0000000085a00000| PB 0x0000000085900000| Untracked 
|  90|0x0000000085a00000, 0x0000000085b00000, 0x0000000085b00000|100%| O|  |TAMS 0x0000000085b00000| PB 0x0000000085a00000| Untracked 
|  91|0x0000000085b00000, 0x0000000085c00000, 0x0000000085c00000|100%| O|  |TAMS 0x0000000085c00000| PB 0x0000000085b00000| Untracked 
|  92|0x0000000085c00000, 0x0000000085d00000, 0x0000000085d00000|100%| O|  |TAMS 0x0000000085d00000| PB 0x0000000085c00000| Untracked 
|  93|0x0000000085d00000, 0x0000000085e00000, 0x0000000085e00000|100%| O|  |TAMS 0x0000000085e00000| PB 0x0000000085d00000| Untracked 
|  94|0x0000000085e00000, 0x0000000085f00000, 0x0000000085f00000|100%| O|  |TAMS 0x0000000085f00000| PB 0x0000000085e00000| Untracked 
|  95|0x0000000085f00000, 0x0000000086000000, 0x0000000086000000|100%| O|  |TAMS 0x0000000086000000| PB 0x0000000085f00000| Untracked 
|  96|0x0000000086000000, 0x0000000086100000, 0x0000000086100000|100%| O|  |TAMS 0x0000000086100000| PB 0x0000000086000000| Untracked 
|  97|0x0000000086100000, 0x0000000086200000, 0x0000000086200000|100%| O|  |TAMS 0x0000000086200000| PB 0x0000000086100000| Untracked 
|  98|0x0000000086200000, 0x0000000086300000, 0x0000000086300000|100%| O|  |TAMS 0x0000000086300000| PB 0x0000000086200000| Untracked 
|  99|0x0000000086300000, 0x0000000086400000, 0x0000000086400000|100%| O|  |TAMS 0x0000000086400000| PB 0x0000000086300000| Untracked 
| 100|0x0000000086400000, 0x0000000086500000, 0x0000000086500000|100%| O|  |TAMS 0x0000000086500000| PB 0x0000000086400000| Untracked 
| 101|0x0000000086500000, 0x0000000086600000, 0x0000000086600000|100%| O|  |TAMS 0x0000000086600000| PB 0x0000000086500000| Untracked 
| 102|0x0000000086600000, 0x0000000086700000, 0x0000000086700000|100%| O|  |TAMS 0x0000000086700000| PB 0x0000000086600000| Untracked 
| 103|0x0000000086700000, 0x0000000086800000, 0x0000000086800000|100%| O|  |TAMS 0x0000000086800000| PB 0x0000000086700000| Untracked 
| 104|0x0000000086800000, 0x0000000086900000, 0x0000000086900000|100%| O|  |TAMS 0x0000000086900000| PB 0x0000000086800000| Untracked 
| 105|0x0000000086900000, 0x0000000086a00000, 0x0000000086a00000|100%| O|  |TAMS 0x0000000086a00000| PB 0x0000000086900000| Untracked 
| 106|0x0000000086a00000, 0x0000000086b00000, 0x0000000086b00000|100%| O|  |TAMS 0x0000000086b00000| PB 0x0000000086a00000| Untracked 
| 107|0x0000000086b00000, 0x0000000086c00000, 0x0000000086c00000|100%| O|  |TAMS 0x0000000086c00000| PB 0x0000000086b00000| Untracked 
| 108|0x0000000086c00000, 0x0000000086d00000, 0x0000000086d00000|100%| O|  |TAMS 0x0000000086d00000| PB 0x0000000086c00000| Untracked 
| 109|0x0000000086d00000, 0x0000000086e00000, 0x0000000086e00000|100%| O|  |TAMS 0x0000000086e00000| PB 0x0000000086d00000| Untracked 
| 110|0x0000000086e00000, 0x0000000086f00000, 0x0000000086f00000|100%| O|  |TAMS 0x0000000086f00000| PB 0x0000000086e00000| Untracked 
| 111|0x0000000086f00000, 0x0000000087000000, 0x0000000087000000|100%| O|  |TAMS 0x0000000087000000| PB 0x0000000086f00000| Untracked 
| 112|0x0000000087000000, 0x0000000087100000, 0x0000000087100000|100%| O|  |TAMS 0x0000000087100000| PB 0x0000000087000000| Untracked 
| 113|0x0000000087100000, 0x0000000087200000, 0x0000000087200000|100%| O|  |TAMS 0x0000000087200000| PB 0x0000000087100000| Untracked 
| 114|0x0000000087200000, 0x0000000087300000, 0x0000000087300000|100%| O|  |TAMS 0x0000000087300000| PB 0x0000000087200000| Untracked 
| 115|0x0000000087300000, 0x0000000087400000, 0x0000000087400000|100%| O|  |TAMS 0x0000000087400000| PB 0x0000000087300000| Untracked 
| 116|0x0000000087400000, 0x0000000087500000, 0x0000000087500000|100%| O|  |TAMS 0x0000000087500000| PB 0x0000000087400000| Untracked 
| 117|0x0000000087500000, 0x0000000087600000, 0x0000000087600000|100%| O|  |TAMS 0x0000000087600000| PB 0x0000000087500000| Untracked 
| 118|0x0000000087600000, 0x0000000087700000, 0x0000000087700000|100%| O|  |TAMS 0x0000000087700000| PB 0x0000000087600000| Untracked 
| 119|0x0000000087700000, 0x0000000087800000, 0x0000000087800000|100%| O|  |TAMS 0x0000000087800000| PB 0x0000000087700000| Untracked 
| 120|0x0000000087800000, 0x0000000087900000, 0x0000000087900000|100%| O|  |TAMS 0x0000000087900000| PB 0x0000000087800000| Untracked 
| 121|0x0000000087900000, 0x0000000087a00000, 0x0000000087a00000|100%| O|  |TAMS 0x0000000087a00000| PB 0x0000000087900000| Untracked 
| 122|0x0000000087a00000, 0x0000000087b00000, 0x0000000087b00000|100%| O|  |TAMS 0x0000000087b00000| PB 0x0000000087a00000| Untracked 
| 123|0x0000000087b00000, 0x0000000087c00000, 0x0000000087c00000|100%| O|  |TAMS 0x0000000087c00000| PB 0x0000000087b00000| Untracked 
| 124|0x0000000087c00000, 0x0000000087d00000, 0x0000000087d00000|100%| O|  |TAMS 0x0000000087d00000| PB 0x0000000087c00000| Untracked 
| 125|0x0000000087d00000, 0x0000000087e00000, 0x0000000087e00000|100%| O|  |TAMS 0x0000000087e00000| PB 0x0000000087d00000| Untracked 
| 126|0x0000000087e00000, 0x0000000087f00000, 0x0000000087f00000|100%| O|  |TAMS 0x0000000087f00000| PB 0x0000000087e00000| Untracked 
| 127|0x0000000087f00000, 0x0000000088000000, 0x0000000088000000|100%| O|  |TAMS 0x0000000088000000| PB 0x0000000087f00000| Untracked 
| 128|0x0000000088000000, 0x0000000088100000, 0x0000000088100000|100%| O|  |TAMS 0x0000000088100000| PB 0x0000000088000000| Untracked 
| 129|0x0000000088100000, 0x0000000088200000, 0x0000000088200000|100%| O|  |TAMS 0x0000000088200000| PB 0x0000000088100000| Untracked 
| 130|0x0000000088200000, 0x0000000088300000, 0x0000000088300000|100%| O|  |TAMS 0x0000000088300000| PB 0x0000000088200000| Untracked 
| 131|0x0000000088300000, 0x0000000088400000, 0x0000000088400000|100%| O|  |TAMS 0x0000000088400000| PB 0x0000000088300000| Untracked 
| 132|0x0000000088400000, 0x0000000088500000, 0x0000000088500000|100%| O|  |TAMS 0x0000000088500000| PB 0x0000000088400000| Untracked 
| 133|0x0000000088500000, 0x0000000088600000, 0x0000000088600000|100%| O|  |TAMS 0x0000000088600000| PB 0x0000000088500000| Untracked 
| 134|0x0000000088600000, 0x0000000088700000, 0x0000000088700000|100%| O|  |TAMS 0x0000000088700000| PB 0x0000000088600000| Untracked 
| 135|0x0000000088700000, 0x0000000088800000, 0x0000000088800000|100%| O|  |TAMS 0x0000000088800000| PB 0x0000000088700000| Untracked 
| 136|0x0000000088800000, 0x0000000088900000, 0x0000000088900000|100%| O|  |TAMS 0x0000000088900000| PB 0x0000000088800000| Untracked 
| 137|0x0000000088900000, 0x0000000088a00000, 0x0000000088a00000|100%| O|  |TAMS 0x0000000088a00000| PB 0x0000000088900000| Untracked 
| 138|0x0000000088a00000, 0x0000000088b00000, 0x0000000088b00000|100%| O|  |TAMS 0x0000000088b00000| PB 0x0000000088a00000| Untracked 
| 139|0x0000000088b00000, 0x0000000088c00000, 0x0000000088c00000|100%| O|  |TAMS 0x0000000088c00000| PB 0x0000000088b00000| Untracked 
| 140|0x0000000088c00000, 0x0000000088d00000, 0x0000000088d00000|100%| O|  |TAMS 0x0000000088d00000| PB 0x0000000088c00000| Untracked 
| 141|0x0000000088d00000, 0x0000000088e00000, 0x0000000088e00000|100%| O|  |TAMS 0x0000000088e00000| PB 0x0000000088d00000| Untracked 
| 142|0x0000000088e00000, 0x0000000088f00000, 0x0000000088f00000|100%| O|  |TAMS 0x0000000088f00000| PB 0x0000000088e00000| Untracked 
| 143|0x0000000088f00000, 0x0000000089000000, 0x0000000089000000|100%| O|  |TAMS 0x0000000089000000| PB 0x0000000088f00000| Untracked 
| 144|0x0000000089000000, 0x0000000089100000, 0x0000000089100000|100%| O|  |TAMS 0x0000000089100000| PB 0x0000000089000000| Untracked 
| 145|0x0000000089100000, 0x0000000089200000, 0x0000000089200000|100%| O|  |TAMS 0x0000000089200000| PB 0x0000000089100000| Untracked 
| 146|0x0000000089200000, 0x0000000089300000, 0x0000000089300000|100%| O|  |TAMS 0x0000000089300000| PB 0x0000000089200000| Untracked 
| 147|0x0000000089300000, 0x0000000089400000, 0x0000000089400000|100%| O|  |TAMS 0x0000000089400000| PB 0x0000000089300000| Untracked 
| 148|0x0000000089400000, 0x0000000089500000, 0x0000000089500000|100%| O|  |TAMS 0x0000000089500000| PB 0x0000000089400000| Untracked 
| 149|0x0000000089500000, 0x0000000089600000, 0x0000000089600000|100%| O|  |TAMS 0x0000000089600000| PB 0x0000000089500000| Untracked 
| 150|0x0000000089600000, 0x0000000089700000, 0x0000000089700000|100%| O|  |TAMS 0x0000000089700000| PB 0x0000000089600000| Untracked 
| 151|0x0000000089700000, 0x0000000089800000, 0x0000000089800000|100%| O|  |TAMS 0x0000000089800000| PB 0x0000000089700000| Untracked 
| 152|0x0000000089800000, 0x0000000089900000, 0x0000000089900000|100%| O|  |TAMS 0x0000000089900000| PB 0x0000000089800000| Untracked 
| 153|0x0000000089900000, 0x0000000089a00000, 0x0000000089a00000|100%| O|  |TAMS 0x0000000089a00000| PB 0x0000000089900000| Untracked 
| 154|0x0000000089a00000, 0x0000000089b00000, 0x0000000089b00000|100%| O|  |TAMS 0x0000000089b00000| PB 0x0000000089a00000| Untracked 
| 155|0x0000000089b00000, 0x0000000089c00000, 0x0000000089c00000|100%| O|  |TAMS 0x0000000089c00000| PB 0x0000000089b00000| Untracked 
| 156|0x0000000089c00000, 0x0000000089d00000, 0x0000000089d00000|100%| O|  |TAMS 0x0000000089d00000| PB 0x0000000089c00000| Untracked 
| 157|0x0000000089d00000, 0x0000000089e00000, 0x0000000089e00000|100%| O|  |TAMS 0x0000000089e00000| PB 0x0000000089d00000| Untracked 
| 158|0x0000000089e00000, 0x0000000089f00000, 0x0000000089f00000|100%| O|  |TAMS 0x0000000089f00000| PB 0x0000000089e00000| Untracked 
| 159|0x0000000089f00000, 0x000000008a000000, 0x000000008a000000|100%| O|  |TAMS 0x000000008a000000| PB 0x0000000089f00000| Untracked 
| 160|0x000000008a000000, 0x000000008a100000, 0x000000008a100000|100%| O|  |TAMS 0x000000008a100000| PB 0x000000008a000000| Untracked 
| 161|0x000000008a100000, 0x000000008a200000, 0x000000008a200000|100%| O|  |TAMS 0x000000008a200000| PB 0x000000008a100000| Untracked 
| 162|0x000000008a200000, 0x000000008a300000, 0x000000008a300000|100%| O|  |TAMS 0x000000008a300000| PB 0x000000008a200000| Untracked 
| 163|0x000000008a300000, 0x000000008a400000, 0x000000008a400000|100%| O|  |TAMS 0x000000008a400000| PB 0x000000008a300000| Untracked 
| 164|0x000000008a400000, 0x000000008a500000, 0x000000008a500000|100%| O|  |TAMS 0x000000008a500000| PB 0x000000008a400000| Untracked 
| 165|0x000000008a500000, 0x000000008a600000, 0x000000008a600000|100%| O|  |TAMS 0x000000008a600000| PB 0x000000008a500000| Untracked 
| 166|0x000000008a600000, 0x000000008a700000, 0x000000008a700000|100%| O|  |TAMS 0x000000008a700000| PB 0x000000008a600000| Untracked 
| 167|0x000000008a700000, 0x000000008a800000, 0x000000008a800000|100%| O|  |TAMS 0x000000008a800000| PB 0x000000008a700000| Untracked 
| 168|0x000000008a800000, 0x000000008a900000, 0x000000008a900000|100%| O|  |TAMS 0x000000008a900000| PB 0x000000008a800000| Untracked 
| 169|0x000000008a900000, 0x000000008aa00000, 0x000000008aa00000|100%| O|  |TAMS 0x000000008aa00000| PB 0x000000008a900000| Untracked 
| 170|0x000000008aa00000, 0x000000008ab00000, 0x000000008ab00000|100%| O|  |TAMS 0x000000008ab00000| PB 0x000000008aa00000| Untracked 
| 171|0x000000008ab00000, 0x000000008ab00000, 0x000000008ac00000|  0%| F|  |TAMS 0x000000008ab00000| PB 0x000000008ab00000| Untracked 
| 172|0x000000008ac00000, 0x000000008ac05f40, 0x000000008ad00000|  2%| O|  |TAMS 0x000000008ac05f40| PB 0x000000008ac00000| Untracked 
| 173|0x000000008ad00000, 0x000000008ad00000, 0x000000008ae00000|  0%| F|  |TAMS 0x000000008ad00000| PB 0x000000008ad00000| Untracked 
| 174|0x000000008ae00000, 0x000000008af00000, 0x000000008af00000|100%| O|  |TAMS 0x000000008af00000| PB 0x000000008ae00000| Untracked 
| 175|0x000000008af00000, 0x000000008b000000, 0x000000008b000000|100%| O|  |TAMS 0x000000008b000000| PB 0x000000008af00000| Untracked 
| 176|0x000000008b000000, 0x000000008b100000, 0x000000008b100000|100%| O|  |TAMS 0x000000008b100000| PB 0x000000008b000000| Untracked 
| 177|0x000000008b100000, 0x000000008b200000, 0x000000008b200000|100%| O|  |TAMS 0x000000008b200000| PB 0x000000008b100000| Untracked 
| 178|0x000000008b200000, 0x000000008b300000, 0x000000008b300000|100%| O|  |TAMS 0x000000008b300000| PB 0x000000008b200000| Untracked 
| 179|0x000000008b300000, 0x000000008b400000, 0x000000008b400000|100%| O|  |TAMS 0x000000008b400000| PB 0x000000008b300000| Untracked 
| 180|0x000000008b400000, 0x000000008b400000, 0x000000008b500000|  0%| F|  |TAMS 0x000000008b400000| PB 0x000000008b400000| Untracked 
| 181|0x000000008b500000, 0x000000008b500000, 0x000000008b600000|  0%| F|  |TAMS 0x000000008b500000| PB 0x000000008b500000| Untracked 
| 182|0x000000008b600000, 0x000000008b600000, 0x000000008b700000|  0%| F|  |TAMS 0x000000008b600000| PB 0x000000008b600000| Untracked 
| 183|0x000000008b700000, 0x000000008b800000, 0x000000008b800000|100%| O|  |TAMS 0x000000008b800000| PB 0x000000008b700000| Untracked 
| 184|0x000000008b800000, 0x000000008b900000, 0x000000008b900000|100%| O|  |TAMS 0x000000008b900000| PB 0x000000008b800000| Untracked 
| 185|0x000000008b900000, 0x000000008ba00000, 0x000000008ba00000|100%| O|  |TAMS 0x000000008ba00000| PB 0x000000008b900000| Untracked 
| 186|0x000000008ba00000, 0x000000008bb00000, 0x000000008bb00000|100%| O|  |TAMS 0x000000008bb00000| PB 0x000000008ba00000| Untracked 
| 187|0x000000008bb00000, 0x000000008bc00000, 0x000000008bc00000|100%| O|  |TAMS 0x000000008bc00000| PB 0x000000008bb00000| Untracked 
| 188|0x000000008bc00000, 0x000000008bd00000, 0x000000008bd00000|100%| O|  |TAMS 0x000000008bd00000| PB 0x000000008bc00000| Untracked 
| 189|0x000000008bd00000, 0x000000008be00000, 0x000000008be00000|100%| O|  |TAMS 0x000000008be00000| PB 0x000000008bd00000| Untracked 
| 190|0x000000008be00000, 0x000000008be00000, 0x000000008bf00000|  0%| F|  |TAMS 0x000000008be00000| PB 0x000000008be00000| Untracked 
| 191|0x000000008bf00000, 0x000000008c000000, 0x000000008c000000|100%| O|  |TAMS 0x000000008c000000| PB 0x000000008bf00000| Untracked 
| 192|0x000000008c000000, 0x000000008c100000, 0x000000008c100000|100%| O|  |TAMS 0x000000008c100000| PB 0x000000008c000000| Untracked 
| 193|0x000000008c100000, 0x000000008c100000, 0x000000008c200000|  0%| F|  |TAMS 0x000000008c100000| PB 0x000000008c100000| Untracked 
| 194|0x000000008c200000, 0x000000008c200000, 0x000000008c300000|  0%| F|  |TAMS 0x000000008c200000| PB 0x000000008c200000| Untracked 
| 195|0x000000008c300000, 0x000000008c300000, 0x000000008c400000|  0%| F|  |TAMS 0x000000008c300000| PB 0x000000008c300000| Untracked 
| 196|0x000000008c400000, 0x000000008c400000, 0x000000008c500000|  0%| F|  |TAMS 0x000000008c400000| PB 0x000000008c400000| Untracked 
| 197|0x000000008c500000, 0x000000008c500000, 0x000000008c600000|  0%| F|  |TAMS 0x000000008c500000| PB 0x000000008c500000| Untracked 
| 198|0x000000008c600000, 0x000000008c600000, 0x000000008c700000|  0%| F|  |TAMS 0x000000008c600000| PB 0x000000008c600000| Untracked 
| 199|0x000000008c700000, 0x000000008c700000, 0x000000008c800000|  0%| F|  |TAMS 0x000000008c700000| PB 0x000000008c700000| Untracked 
| 200|0x000000008c800000, 0x000000008c800000, 0x000000008c900000|  0%| F|  |TAMS 0x000000008c800000| PB 0x000000008c800000| Untracked 
| 201|0x000000008c900000, 0x000000008c900000, 0x000000008ca00000|  0%| F|  |TAMS 0x000000008c900000| PB 0x000000008c900000| Untracked 
| 202|0x000000008ca00000, 0x000000008ca00000, 0x000000008cb00000|  0%| F|  |TAMS 0x000000008ca00000| PB 0x000000008ca00000| Untracked 
| 203|0x000000008cb00000, 0x000000008cb00000, 0x000000008cc00000|  0%| F|  |TAMS 0x000000008cb00000| PB 0x000000008cb00000| Untracked 
| 204|0x000000008cc00000, 0x000000008cc4bfa0, 0x000000008cd00000| 29%| S|CS|TAMS 0x000000008cc00000| PB 0x000000008cc00000| Complete 
| 205|0x000000008cd00000, 0x000000008ce00000, 0x000000008ce00000|100%| S|CS|TAMS 0x000000008cd00000| PB 0x000000008cd00000| Complete 
| 206|0x000000008ce00000, 0x000000008cf00000, 0x000000008cf00000|100%| S|CS|TAMS 0x000000008ce00000| PB 0x000000008ce00000| Complete 
| 207|0x000000008cf00000, 0x000000008d000000, 0x000000008d000000|100%| S|CS|TAMS 0x000000008cf00000| PB 0x000000008cf00000| Complete 
| 208|0x000000008d000000, 0x000000008d000000, 0x000000008d100000|  0%| F|  |TAMS 0x000000008d000000| PB 0x000000008d000000| Untracked 
| 209|0x000000008d100000, 0x000000008d100000, 0x000000008d200000|  0%| F|  |TAMS 0x000000008d100000| PB 0x000000008d100000| Untracked 
| 210|0x000000008d200000, 0x000000008d200000, 0x000000008d300000|  0%| F|  |TAMS 0x000000008d200000| PB 0x000000008d200000| Untracked 
| 211|0x000000008d300000, 0x000000008d300000, 0x000000008d400000|  0%| F|  |TAMS 0x000000008d300000| PB 0x000000008d300000| Untracked 
| 212|0x000000008d400000, 0x000000008d400000, 0x000000008d500000|  0%| F|  |TAMS 0x000000008d400000| PB 0x000000008d400000| Untracked 
| 213|0x000000008d500000, 0x000000008d500000, 0x000000008d600000|  0%| F|  |TAMS 0x000000008d500000| PB 0x000000008d500000| Untracked 
| 214|0x000000008d600000, 0x000000008d600000, 0x000000008d700000|  0%| F|  |TAMS 0x000000008d600000| PB 0x000000008d600000| Untracked 
| 215|0x000000008d700000, 0x000000008d700000, 0x000000008d800000|  0%| F|  |TAMS 0x000000008d700000| PB 0x000000008d700000| Untracked 
| 216|0x000000008d800000, 0x000000008d800000, 0x000000008d900000|  0%| F|  |TAMS 0x000000008d800000| PB 0x000000008d800000| Untracked 
| 217|0x000000008d900000, 0x000000008d900000, 0x000000008da00000|  0%| F|  |TAMS 0x000000008d900000| PB 0x000000008d900000| Untracked 
| 218|0x000000008da00000, 0x000000008da00000, 0x000000008db00000|  0%| F|  |TAMS 0x000000008da00000| PB 0x000000008da00000| Untracked 
| 219|0x000000008db00000, 0x000000008db00000, 0x000000008dc00000|  0%| F|  |TAMS 0x000000008db00000| PB 0x000000008db00000| Untracked 
| 220|0x000000008dc00000, 0x000000008dc00000, 0x000000008dd00000|  0%| F|  |TAMS 0x000000008dc00000| PB 0x000000008dc00000| Untracked 
| 221|0x000000008dd00000, 0x000000008dd00000, 0x000000008de00000|  0%| F|  |TAMS 0x000000008dd00000| PB 0x000000008dd00000| Untracked 
| 222|0x000000008de00000, 0x000000008de00000, 0x000000008df00000|  0%| F|  |TAMS 0x000000008de00000| PB 0x000000008de00000| Untracked 
| 223|0x000000008df00000, 0x000000008df00000, 0x000000008e000000|  0%| F|  |TAMS 0x000000008df00000| PB 0x000000008df00000| Untracked 
| 224|0x000000008e000000, 0x000000008e000000, 0x000000008e100000|  0%| F|  |TAMS 0x000000008e000000| PB 0x000000008e000000| Untracked 
| 225|0x000000008e100000, 0x000000008e100000, 0x000000008e200000|  0%| F|  |TAMS 0x000000008e100000| PB 0x000000008e100000| Untracked 
| 226|0x000000008e200000, 0x000000008e200000, 0x000000008e300000|  0%| F|  |TAMS 0x000000008e200000| PB 0x000000008e200000| Untracked 
| 227|0x000000008e300000, 0x000000008e300000, 0x000000008e400000|  0%| F|  |TAMS 0x000000008e300000| PB 0x000000008e300000| Untracked 
| 228|0x000000008e400000, 0x000000008e400000, 0x000000008e500000|  0%| F|  |TAMS 0x000000008e400000| PB 0x000000008e400000| Untracked 
| 229|0x000000008e500000, 0x000000008e500000, 0x000000008e600000|  0%| F|  |TAMS 0x000000008e500000| PB 0x000000008e500000| Untracked 
| 230|0x000000008e600000, 0x000000008e600000, 0x000000008e700000|  0%| F|  |TAMS 0x000000008e600000| PB 0x000000008e600000| Untracked 
| 231|0x000000008e700000, 0x000000008e700000, 0x000000008e800000|  0%| F|  |TAMS 0x000000008e700000| PB 0x000000008e700000| Untracked 
| 232|0x000000008e800000, 0x000000008e800000, 0x000000008e900000|  0%| F|  |TAMS 0x000000008e800000| PB 0x000000008e800000| Untracked 
| 233|0x000000008e900000, 0x000000008e900000, 0x000000008ea00000|  0%| F|  |TAMS 0x000000008e900000| PB 0x000000008e900000| Untracked 
| 234|0x000000008ea00000, 0x000000008ea00000, 0x000000008eb00000|  0%| F|  |TAMS 0x000000008ea00000| PB 0x000000008ea00000| Untracked 
| 235|0x000000008eb00000, 0x000000008eb00000, 0x000000008ec00000|  0%| F|  |TAMS 0x000000008eb00000| PB 0x000000008eb00000| Untracked 
| 236|0x000000008ec00000, 0x000000008ec00000, 0x000000008ed00000|  0%| F|  |TAMS 0x000000008ec00000| PB 0x000000008ec00000| Untracked 
| 237|0x000000008ed00000, 0x000000008ed00000, 0x000000008ee00000|  0%| F|  |TAMS 0x000000008ed00000| PB 0x000000008ed00000| Untracked 
| 238|0x000000008ee00000, 0x000000008ee00000, 0x000000008ef00000|  0%| F|  |TAMS 0x000000008ee00000| PB 0x000000008ee00000| Untracked 
| 239|0x000000008ef00000, 0x000000008ef00000, 0x000000008f000000|  0%| F|  |TAMS 0x000000008ef00000| PB 0x000000008ef00000| Untracked 
| 240|0x000000008f000000, 0x000000008f000000, 0x000000008f100000|  0%| F|  |TAMS 0x000000008f000000| PB 0x000000008f000000| Untracked 
| 241|0x000000008f100000, 0x000000008f100000, 0x000000008f200000|  0%| F|  |TAMS 0x000000008f100000| PB 0x000000008f100000| Untracked 
| 242|0x000000008f200000, 0x000000008f200000, 0x000000008f300000|  0%| F|  |TAMS 0x000000008f200000| PB 0x000000008f200000| Untracked 
| 243|0x000000008f300000, 0x000000008f300000, 0x000000008f400000|  0%| F|  |TAMS 0x000000008f300000| PB 0x000000008f300000| Untracked 
| 244|0x000000008f400000, 0x000000008f400000, 0x000000008f500000|  0%| F|  |TAMS 0x000000008f400000| PB 0x000000008f400000| Untracked 
| 245|0x000000008f500000, 0x000000008f500000, 0x000000008f600000|  0%| F|  |TAMS 0x000000008f500000| PB 0x000000008f500000| Untracked 
| 246|0x000000008f600000, 0x000000008f600000, 0x000000008f700000|  0%| F|  |TAMS 0x000000008f600000| PB 0x000000008f600000| Untracked 
| 247|0x000000008f700000, 0x000000008f700000, 0x000000008f800000|  0%| F|  |TAMS 0x000000008f700000| PB 0x000000008f700000| Untracked 
| 248|0x000000008f800000, 0x000000008f800000, 0x000000008f900000|  0%| F|  |TAMS 0x000000008f800000| PB 0x000000008f800000| Untracked 
| 249|0x000000008f900000, 0x000000008f900000, 0x000000008fa00000|  0%| F|  |TAMS 0x000000008f900000| PB 0x000000008f900000| Untracked 
| 250|0x000000008fa00000, 0x000000008fa00000, 0x000000008fb00000|  0%| F|  |TAMS 0x000000008fa00000| PB 0x000000008fa00000| Untracked 
| 251|0x000000008fb00000, 0x000000008fb00000, 0x000000008fc00000|  0%| F|  |TAMS 0x000000008fb00000| PB 0x000000008fb00000| Untracked 
| 252|0x000000008fc00000, 0x000000008fc00000, 0x000000008fd00000|  0%| F|  |TAMS 0x000000008fc00000| PB 0x000000008fc00000| Untracked 
| 253|0x000000008fd00000, 0x000000008fd00000, 0x000000008fe00000|  0%| F|  |TAMS 0x000000008fd00000| PB 0x000000008fd00000| Untracked 
| 254|0x000000008fe00000, 0x000000008fe00000, 0x000000008ff00000|  0%| F|  |TAMS 0x000000008fe00000| PB 0x000000008fe00000| Untracked 
| 255|0x000000008ff00000, 0x000000008ff00000, 0x0000000090000000|  0%| F|  |TAMS 0x000000008ff00000| PB 0x000000008ff00000| Untracked 
| 256|0x0000000090000000, 0x0000000090000000, 0x0000000090100000|  0%| F|  |TAMS 0x0000000090000000| PB 0x0000000090000000| Untracked 
| 257|0x0000000090100000, 0x0000000090100000, 0x0000000090200000|  0%| F|  |TAMS 0x0000000090100000| PB 0x0000000090100000| Untracked 
| 258|0x0000000090200000, 0x0000000090200000, 0x0000000090300000|  0%| F|  |TAMS 0x0000000090200000| PB 0x0000000090200000| Untracked 
| 259|0x0000000090300000, 0x0000000090300000, 0x0000000090400000|  0%| F|  |TAMS 0x0000000090300000| PB 0x0000000090300000| Untracked 
| 260|0x0000000090400000, 0x0000000090400000, 0x0000000090500000|  0%| F|  |TAMS 0x0000000090400000| PB 0x0000000090400000| Untracked 
| 261|0x0000000090500000, 0x0000000090500000, 0x0000000090600000|  0%| F|  |TAMS 0x0000000090500000| PB 0x0000000090500000| Untracked 
| 262|0x0000000090600000, 0x0000000090600000, 0x0000000090700000|  0%| F|  |TAMS 0x0000000090600000| PB 0x0000000090600000| Untracked 
| 263|0x0000000090700000, 0x0000000090700000, 0x0000000090800000|  0%| F|  |TAMS 0x0000000090700000| PB 0x0000000090700000| Untracked 
| 264|0x0000000090800000, 0x0000000090800000, 0x0000000090900000|  0%| F|  |TAMS 0x0000000090800000| PB 0x0000000090800000| Untracked 
| 265|0x0000000090900000, 0x0000000090900000, 0x0000000090a00000|  0%| F|  |TAMS 0x0000000090900000| PB 0x0000000090900000| Untracked 
| 266|0x0000000090a00000, 0x0000000090a00000, 0x0000000090b00000|  0%| F|  |TAMS 0x0000000090a00000| PB 0x0000000090a00000| Untracked 
| 267|0x0000000090b00000, 0x0000000090b00000, 0x0000000090c00000|  0%| F|  |TAMS 0x0000000090b00000| PB 0x0000000090b00000| Untracked 
| 268|0x0000000090c00000, 0x0000000090c00000, 0x0000000090d00000|  0%| F|  |TAMS 0x0000000090c00000| PB 0x0000000090c00000| Untracked 
| 269|0x0000000090d00000, 0x0000000090d00000, 0x0000000090e00000|  0%| F|  |TAMS 0x0000000090d00000| PB 0x0000000090d00000| Untracked 
| 270|0x0000000090e00000, 0x0000000090e00000, 0x0000000090f00000|  0%| F|  |TAMS 0x0000000090e00000| PB 0x0000000090e00000| Untracked 
| 271|0x0000000090f00000, 0x0000000090f00000, 0x0000000091000000|  0%| F|  |TAMS 0x0000000090f00000| PB 0x0000000090f00000| Untracked 
| 272|0x0000000091000000, 0x0000000091000000, 0x0000000091100000|  0%| F|  |TAMS 0x0000000091000000| PB 0x0000000091000000| Untracked 
| 273|0x0000000091100000, 0x0000000091100000, 0x0000000091200000|  0%| F|  |TAMS 0x0000000091100000| PB 0x0000000091100000| Untracked 
| 274|0x0000000091200000, 0x0000000091200000, 0x0000000091300000|  0%| F|  |TAMS 0x0000000091200000| PB 0x0000000091200000| Untracked 
| 275|0x0000000091300000, 0x0000000091300000, 0x0000000091400000|  0%| F|  |TAMS 0x0000000091300000| PB 0x0000000091300000| Untracked 
| 276|0x0000000091400000, 0x0000000091400000, 0x0000000091500000|  0%| F|  |TAMS 0x0000000091400000| PB 0x0000000091400000| Untracked 
| 277|0x0000000091500000, 0x0000000091500000, 0x0000000091600000|  0%| F|  |TAMS 0x0000000091500000| PB 0x0000000091500000| Untracked 
| 278|0x0000000091600000, 0x0000000091600000, 0x0000000091700000|  0%| F|  |TAMS 0x0000000091600000| PB 0x0000000091600000| Untracked 
| 279|0x0000000091700000, 0x0000000091700000, 0x0000000091800000|  0%| F|  |TAMS 0x0000000091700000| PB 0x0000000091700000| Untracked 
| 280|0x0000000091800000, 0x0000000091800000, 0x0000000091900000|  0%| F|  |TAMS 0x0000000091800000| PB 0x0000000091800000| Untracked 
| 281|0x0000000091900000, 0x0000000091900000, 0x0000000091a00000|  0%| F|  |TAMS 0x0000000091900000| PB 0x0000000091900000| Untracked 
| 282|0x0000000091a00000, 0x0000000091a00000, 0x0000000091b00000|  0%| F|  |TAMS 0x0000000091a00000| PB 0x0000000091a00000| Untracked 
| 283|0x0000000091b00000, 0x0000000091b00000, 0x0000000091c00000|  0%| F|  |TAMS 0x0000000091b00000| PB 0x0000000091b00000| Untracked 
| 284|0x0000000091c00000, 0x0000000091c00000, 0x0000000091d00000|  0%| F|  |TAMS 0x0000000091c00000| PB 0x0000000091c00000| Untracked 
| 285|0x0000000091d00000, 0x0000000091d00000, 0x0000000091e00000|  0%| F|  |TAMS 0x0000000091d00000| PB 0x0000000091d00000| Untracked 
| 286|0x0000000091e00000, 0x0000000091e00000, 0x0000000091f00000|  0%| F|  |TAMS 0x0000000091e00000| PB 0x0000000091e00000| Untracked 
| 287|0x0000000091f00000, 0x0000000091f00000, 0x0000000092000000|  0%| F|  |TAMS 0x0000000091f00000| PB 0x0000000091f00000| Untracked 
| 288|0x0000000092000000, 0x0000000092000000, 0x0000000092100000|  0%| F|  |TAMS 0x0000000092000000| PB 0x0000000092000000| Untracked 
| 289|0x0000000092100000, 0x0000000092100000, 0x0000000092200000|  0%| F|  |TAMS 0x0000000092100000| PB 0x0000000092100000| Untracked 
| 290|0x0000000092200000, 0x0000000092200000, 0x0000000092300000|  0%| F|  |TAMS 0x0000000092200000| PB 0x0000000092200000| Untracked 
| 291|0x0000000092300000, 0x0000000092300000, 0x0000000092400000|  0%| F|  |TAMS 0x0000000092300000| PB 0x0000000092300000| Untracked 
| 292|0x0000000092400000, 0x0000000092400000, 0x0000000092500000|  0%| F|  |TAMS 0x0000000092400000| PB 0x0000000092400000| Untracked 
| 293|0x0000000092500000, 0x0000000092500000, 0x0000000092600000|  0%| F|  |TAMS 0x0000000092500000| PB 0x0000000092500000| Untracked 
| 294|0x0000000092600000, 0x0000000092600000, 0x0000000092700000|  0%| F|  |TAMS 0x0000000092600000| PB 0x0000000092600000| Untracked 
| 295|0x0000000092700000, 0x0000000092700000, 0x0000000092800000|  0%| F|  |TAMS 0x0000000092700000| PB 0x0000000092700000| Untracked 
| 296|0x0000000092800000, 0x0000000092800000, 0x0000000092900000|  0%| F|  |TAMS 0x0000000092800000| PB 0x0000000092800000| Untracked 
| 297|0x0000000092900000, 0x0000000092900000, 0x0000000092a00000|  0%| F|  |TAMS 0x0000000092900000| PB 0x0000000092900000| Untracked 
| 298|0x0000000092a00000, 0x0000000092a00000, 0x0000000092b00000|  0%| F|  |TAMS 0x0000000092a00000| PB 0x0000000092a00000| Untracked 
| 299|0x0000000092b00000, 0x0000000092b00000, 0x0000000092c00000|  0%| F|  |TAMS 0x0000000092b00000| PB 0x0000000092b00000| Untracked 
| 300|0x0000000092c00000, 0x0000000092c00000, 0x0000000092d00000|  0%| F|  |TAMS 0x0000000092c00000| PB 0x0000000092c00000| Untracked 
| 301|0x0000000092d00000, 0x0000000092d00000, 0x0000000092e00000|  0%| F|  |TAMS 0x0000000092d00000| PB 0x0000000092d00000| Untracked 
| 302|0x0000000092e00000, 0x0000000092e00000, 0x0000000092f00000|  0%| F|  |TAMS 0x0000000092e00000| PB 0x0000000092e00000| Untracked 
| 303|0x0000000092f00000, 0x0000000092f00000, 0x0000000093000000|  0%| F|  |TAMS 0x0000000092f00000| PB 0x0000000092f00000| Untracked 
| 304|0x0000000093000000, 0x0000000093000000, 0x0000000093100000|  0%| F|  |TAMS 0x0000000093000000| PB 0x0000000093000000| Untracked 
| 305|0x0000000093100000, 0x0000000093100000, 0x0000000093200000|  0%| F|  |TAMS 0x0000000093100000| PB 0x0000000093100000| Untracked 
| 306|0x0000000093200000, 0x0000000093200000, 0x0000000093300000|  0%| F|  |TAMS 0x0000000093200000| PB 0x0000000093200000| Untracked 
| 307|0x0000000093300000, 0x0000000093300000, 0x0000000093400000|  0%| F|  |TAMS 0x0000000093300000| PB 0x0000000093300000| Untracked 
| 308|0x0000000093400000, 0x0000000093400000, 0x0000000093500000|  0%| F|  |TAMS 0x0000000093400000| PB 0x0000000093400000| Untracked 
| 309|0x0000000093500000, 0x0000000093500000, 0x0000000093600000|  0%| F|  |TAMS 0x0000000093500000| PB 0x0000000093500000| Untracked 
| 310|0x0000000093600000, 0x0000000093600000, 0x0000000093700000|  0%| F|  |TAMS 0x0000000093600000| PB 0x0000000093600000| Untracked 
| 311|0x0000000093700000, 0x0000000093700000, 0x0000000093800000|  0%| F|  |TAMS 0x0000000093700000| PB 0x0000000093700000| Untracked 
| 312|0x0000000093800000, 0x0000000093800000, 0x0000000093900000|  0%| F|  |TAMS 0x0000000093800000| PB 0x0000000093800000| Untracked 
| 313|0x0000000093900000, 0x0000000093900000, 0x0000000093a00000|  0%| F|  |TAMS 0x0000000093900000| PB 0x0000000093900000| Untracked 
| 314|0x0000000093a00000, 0x0000000093a00000, 0x0000000093b00000|  0%| F|  |TAMS 0x0000000093a00000| PB 0x0000000093a00000| Untracked 
| 315|0x0000000093b00000, 0x0000000093b00000, 0x0000000093c00000|  0%| F|  |TAMS 0x0000000093b00000| PB 0x0000000093b00000| Untracked 
| 316|0x0000000093c00000, 0x0000000093c00000, 0x0000000093d00000|  0%| F|  |TAMS 0x0000000093c00000| PB 0x0000000093c00000| Untracked 
| 317|0x0000000093d00000, 0x0000000093d00000, 0x0000000093e00000|  0%| F|  |TAMS 0x0000000093d00000| PB 0x0000000093d00000| Untracked 
| 318|0x0000000093e00000, 0x0000000093e00000, 0x0000000093f00000|  0%| F|  |TAMS 0x0000000093e00000| PB 0x0000000093e00000| Untracked 
| 319|0x0000000093f00000, 0x0000000093f00000, 0x0000000094000000|  0%| F|  |TAMS 0x0000000093f00000| PB 0x0000000093f00000| Untracked 
|2036|0x00000000ff400000, 0x00000000ff500000, 0x00000000ff500000|100%| O|  |TAMS 0x00000000ff500000| PB 0x00000000ff400000| Untracked 
|2037|0x00000000ff500000, 0x00000000ff600000, 0x00000000ff600000|100%| O|  |TAMS 0x00000000ff600000| PB 0x00000000ff500000| Untracked 
|2038|0x00000000ff600000, 0x00000000ff600000, 0x00000000ff700000|  0%| F|  |TAMS 0x00000000ff600000| PB 0x00000000ff600000| Untracked 
|2039|0x00000000ff700000, 0x00000000ff700000, 0x00000000ff800000|  0%| F|  |TAMS 0x00000000ff700000| PB 0x00000000ff700000| Untracked 
|2040|0x00000000ff800000, 0x00000000ff800000, 0x00000000ff900000|  0%| F|  |TAMS 0x00000000ff800000| PB 0x00000000ff800000| Untracked 
|2041|0x00000000ff900000, 0x00000000ff900000, 0x00000000ffa00000|  0%| F|  |TAMS 0x00000000ff900000| PB 0x00000000ff900000| Untracked 
|2042|0x00000000ffa00000, 0x00000000ffb00000, 0x00000000ffb00000|100%| O|  |TAMS 0x00000000ffb00000| PB 0x00000000ffa00000| Untracked 
|2043|0x00000000ffb00000, 0x00000000ffc00000, 0x00000000ffc00000|100%| O|  |TAMS 0x00000000ffc00000| PB 0x00000000ffb00000| Untracked 
|2044|0x00000000ffc00000, 0x00000000ffd00000, 0x00000000ffd00000|100%| O|  |TAMS 0x00000000ffd00000| PB 0x00000000ffc00000| Untracked 
|2045|0x00000000ffd00000, 0x00000000ffe00000, 0x00000000ffe00000|100%| O|  |TAMS 0x00000000ffe00000| PB 0x00000000ffd00000| Untracked 
|2046|0x00000000ffe00000, 0x00000000fff00000, 0x00000000fff00000|100%| O|  |TAMS 0x00000000fff00000| PB 0x00000000ffe00000| Untracked 
|2047|0x00000000fff00000, 0x00000000fff00000, 0x0000000100000000|  0%| F|  |TAMS 0x00000000fff00000| PB 0x00000000fff00000| Untracked 

Card table byte_map: [0x000002016d5e0000,0x000002016d9e0000] _byte_map_base: 0x000002016d1e0000

Marking Bits: (CMBitMap*) 0x0000020158b5e640
 Bits: [0x000002016d9e0000, 0x000002016f9e0000)

Polling page: 0x0000020158f10000

Metaspace:

Usage:
  Non-class:    119.20 MB used.
      Class:     19.16 MB used.
       Both:    138.36 MB used.

Virtual space:
  Non-class space:      128.00 MB reserved,     120.25 MB ( 94%) committed,  2 nodes.
      Class space:        1.00 GB reserved,      20.25 MB (  2%) committed,  1 nodes.
             Both:        1.12 GB reserved,     140.50 MB ( 12%) committed. 

Chunk freelists:
   Non-Class:  6.88 MB
       Class:  11.70 MB
        Both:  18.58 MB

MaxMetaspaceSize: unlimited
CompressedClassSpaceSize: 1.00 GB
Initial GC threshold: 21.00 MB
Current GC threshold: 233.69 MB
CDS: off
 - commit_granule_bytes: 65536.
 - commit_granule_words: 8192.
 - virtual_space_node_default_size: 8388608.
 - enlarge_chunks_in_place: 1.
 - use_allocation_guard: 0.


Internal statistics:

num_allocs_failed_limit: 9.
num_arena_births: 4438.
num_arena_deaths: 44.
num_vsnodes_births: 3.
num_vsnodes_deaths: 0.
num_space_committed: 2247.
num_space_uncommitted: 0.
num_chunks_returned_to_freelist: 69.
num_chunks_taken_from_freelist: 10374.
num_chunk_merges: 29.
num_chunk_splits: 6926.
num_chunks_enlarged: 4494.
num_inconsistent_stats: 0.

CodeHeap 'non-profiled nmethods': size=120000Kb used=8645Kb max_used=8645Kb free=111354Kb
 bounds [0x0000020165980000, 0x0000020166200000, 0x000002016ceb0000]
CodeHeap 'profiled nmethods': size=120000Kb used=32700Kb max_used=32700Kb free=87299Kb
 bounds [0x000002015deb0000, 0x000002015fea0000, 0x00000201653e0000]
CodeHeap 'non-nmethods': size=5760Kb used=2941Kb max_used=2991Kb free=2819Kb
 bounds [0x00000201653e0000, 0x00000201656e0000, 0x0000020165980000]
 total_blobs=16959 nmethods=15925 adapters=937
 compilation: enabled
              stopped_count=0, restarted_count=0
 full_count=0

Compilation events (20 events):
Event: 31.743 Thread 0x0000020172621c80 nmethod 19173 0x000002015fe83510 code [0x000002015fe836e0, 0x000002015fe838b0]
Event: 31.743 Thread 0x0000020172621c80 19176       2       com.android.tools.r8.internal.xu3::b (81 bytes)
Event: 31.745 Thread 0x0000020172621c80 nmethod 19176 0x000002015fe83990 code [0x000002015fe83be0, 0x000002015fe841a8]
Event: 31.745 Thread 0x0000020172621c80 19179       2       com.android.tools.r8.internal.ce0$$Lambda/0x00000001013bee78::get (8 bytes)
Event: 31.745 Thread 0x0000020172621c80 nmethod 19179 0x000002015fe84510 code [0x000002015fe846c0, 0x000002015fe84850]
Event: 31.745 Thread 0x0000020172621c80 19183       2       com.android.tools.r8.internal.ej::a (31 bytes)
Event: 31.746 Thread 0x0000020172621c80 nmethod 19183 0x000002015fe84910 code [0x000002015fe84ae0, 0x000002015fe84d48]
Event: 31.746 Thread 0x0000020172621c80 19186 %     3       com.android.tools.r8.internal.ce0::b @ 220 (927 bytes)
Event: 31.757 Thread 0x0000020172621c80 nmethod 19186% 0x000002015fe84f10 code [0x000002015fe85dc0, 0x000002015fe90fa8]
Event: 31.757 Thread 0x0000020172621c80 19198 %     3       com.android.tools.r8.internal.rn0::<init> @ 544 (687 bytes)
Event: 31.761 Thread 0x0000020172621c80 nmethod 19198% 0x000002015fe94690 code [0x000002015fe94d00, 0x000002015fe99130]
Event: 31.761 Thread 0x0000020172621c80 19199       3       com.android.tools.r8.internal.fg::a (200 bytes)
Event: 31.763 Thread 0x0000020172621c80 nmethod 19199 0x000002015fe9aa10 code [0x000002015fe9ae00, 0x000002015fe9c910]
Event: 31.763 Thread 0x0000020172621c80 19200       3       com.android.tools.r8.internal.l32::m (109 bytes)
Event: 31.763 Thread 0x0000020172621c80 nmethod 19200 0x000002015fe9d210 code [0x000002015fe9d400, 0x000002015fe9d950]
Event: 31.763 Thread 0x0000020172621c80 19195       3       com.android.tools.r8.internal.wu3::a (65 bytes)
Event: 31.764 Thread 0x0000020172621c80 nmethod 19195 0x000002015fe9db90 code [0x000002015fe9ddc0, 0x000002015fe9e648]
Event: 31.764 Thread 0x0000020172621c80 19194       2       com.android.tools.r8.internal.ov2::d (124 bytes)
Event: 31.765 Thread 0x0000020172621c80 nmethod 19194 0x000002015fe9e990 code [0x000002015fe9eba0, 0x000002015fe9efc0]
Event: 31.765 Thread 0x0000020172621c80 19196       2       com.android.tools.r8.internal.t34::a (387 bytes)

GC Heap History (20 events):
Event: 27.364 GC heap after
{Heap after GC invocations=59 (full 0):
 garbage-first heap   total 234496K, used 156018K [0x0000000080000000, 0x0000000100000000)
  region size 1024K, 9 young (9216K), 9 survivors (9216K)
 Metaspace       used 128499K, committed 130688K, reserved 1179648K
  class space    used 17582K, committed 18688K, reserved 1048576K
}
Event: 27.683 GC heap before
{Heap before GC invocations=59 (full 0):
 garbage-first heap   total 234496K, used 209266K [0x0000000080000000, 0x0000000100000000)
  region size 1024K, 62 young (63488K), 9 survivors (9216K)
 Metaspace       used 131232K, committed 133440K, reserved 1179648K
  class space    used 18036K, committed 19136K, reserved 1048576K
}
Event: 27.700 GC heap after
{Heap after GC invocations=60 (full 0):
 garbage-first heap   total 281600K, used 164864K [0x0000000080000000, 0x0000000100000000)
  region size 1024K, 8 young (8192K), 8 survivors (8192K)
 Metaspace       used 131232K, committed 133440K, reserved 1179648K
  class space    used 18036K, committed 19136K, reserved 1048576K
}
Event: 28.214 GC heap before
{Heap before GC invocations=61 (full 0):
 garbage-first heap   total 281600K, used 247808K [0x0000000080000000, 0x0000000100000000)
  region size 1024K, 90 young (92160K), 8 survivors (8192K)
 Metaspace       used 133989K, committed 136320K, reserved 1179648K
  class space    used 18556K, committed 19712K, reserved 1048576K
}
Event: 28.233 GC heap after
{Heap after GC invocations=62 (full 0):
 garbage-first heap   total 281600K, used 179200K [0x0000000080000000, 0x0000000100000000)
  region size 1024K, 12 young (12288K), 12 survivors (12288K)
 Metaspace       used 133989K, committed 136320K, reserved 1179648K
  class space    used 18556K, committed 19712K, reserved 1048576K
}
Event: 28.418 GC heap before
{Heap before GC invocations=62 (full 0):
 garbage-first heap   total 281600K, used 249856K [0x0000000080000000, 0x0000000100000000)
  region size 1024K, 81 young (82944K), 12 survivors (12288K)
 Metaspace       used 134743K, committed 137024K, reserved 1179648K
  class space    used 18687K, committed 19840K, reserved 1048576K
}
Event: 28.440 GC heap after
{Heap after GC invocations=63 (full 0):
 garbage-first heap   total 281600K, used 192512K [0x0000000080000000, 0x0000000100000000)
  region size 1024K, 11 young (11264K), 11 survivors (11264K)
 Metaspace       used 134743K, committed 137024K, reserved 1179648K
  class space    used 18687K, committed 19840K, reserved 1048576K
}
Event: 28.716 GC heap before
{Heap before GC invocations=63 (full 0):
 garbage-first heap   total 281600K, used 252928K [0x0000000080000000, 0x0000000100000000)
  region size 1024K, 71 young (72704K), 11 survivors (11264K)
 Metaspace       used 136900K, committed 139136K, reserved 1179648K
  class space    used 19056K, committed 20160K, reserved 1048576K
}
Event: 28.736 GC heap after
{Heap after GC invocations=64 (full 0):
 garbage-first heap   total 281600K, used 203080K [0x0000000080000000, 0x0000000100000000)
  region size 1024K, 9 young (9216K), 9 survivors (9216K)
 Metaspace       used 136900K, committed 139136K, reserved 1179648K
  class space    used 19056K, committed 20160K, reserved 1048576K
}
Event: 29.625 GC heap before
{Heap before GC invocations=65 (full 0):
 garbage-first heap   total 339968K, used 253256K [0x0000000080000000, 0x0000000100000000)
  region size 1024K, 58 young (59392K), 9 survivors (9216K)
 Metaspace       used 139577K, committed 141760K, reserved 1179648K
  class space    used 19444K, committed 20544K, reserved 1048576K
}
Event: 29.635 GC heap after
{Heap after GC invocations=66 (full 0):
 garbage-first heap   total 339968K, used 204435K [0x0000000080000000, 0x0000000100000000)
  region size 1024K, 2 young (2048K), 2 survivors (2048K)
 Metaspace       used 139577K, committed 141760K, reserved 1179648K
  class space    used 19444K, committed 20544K, reserved 1048576K
}
Event: 30.345 GC heap before
{Heap before GC invocations=66 (full 0):
 garbage-first heap   total 339968K, used 302739K [0x0000000080000000, 0x0000000100000000)
  region size 1024K, 98 young (100352K), 2 survivors (2048K)
 Metaspace       used 140805K, committed 143104K, reserved 1179648K
  class space    used 19547K, committed 20672K, reserved 1048576K
}
Event: 30.351 GC heap after
{Heap after GC invocations=67 (full 0):
 garbage-first heap   total 339968K, used 202526K [0x0000000080000000, 0x0000000100000000)
  region size 1024K, 2 young (2048K), 2 survivors (2048K)
 Metaspace       used 140805K, committed 143104K, reserved 1179648K
  class space    used 19547K, committed 20672K, reserved 1048576K
}
Event: 30.722 GC heap before
{Heap before GC invocations=67 (full 0):
 garbage-first heap   total 339968K, used 314142K [0x0000000080000000, 0x0000000100000000)
  region size 1024K, 112 young (114688K), 2 survivors (2048K)
 Metaspace       used 141193K, committed 143488K, reserved 1179648K
  class space    used 19584K, committed 20736K, reserved 1048576K
}
Event: 30.729 GC heap after
{Heap after GC invocations=68 (full 0):
 garbage-first heap   total 339968K, used 202592K [0x0000000080000000, 0x0000000100000000)
  region size 1024K, 2 young (2048K), 2 survivors (2048K)
 Metaspace       used 141193K, committed 143488K, reserved 1179648K
  class space    used 19584K, committed 20736K, reserved 1048576K
}
Event: 31.288 GC heap before
{Heap before GC invocations=69 (full 0):
 garbage-first heap   total 339968K, used 319328K [0x0000000080000000, 0x0000000100000000)
  region size 1024K, 116 young (118784K), 2 survivors (2048K)
 Metaspace       used 141326K, committed 143616K, reserved 1179648K
  class space    used 19587K, committed 20736K, reserved 1048576K
}
Event: 31.293 GC heap after
{Heap after GC invocations=70 (full 0):
 garbage-first heap   total 339968K, used 203126K [0x0000000080000000, 0x0000000100000000)
  region size 1024K, 3 young (3072K), 3 survivors (3072K)
 Metaspace       used 141326K, committed 143616K, reserved 1179648K
  class space    used 19587K, committed 20736K, reserved 1048576K
}
Event: 31.534 GC heap before
{Heap before GC invocations=70 (full 0):
 garbage-first heap   total 339968K, used 316790K [0x0000000080000000, 0x0000000100000000)
  region size 1024K, 115 young (117760K), 3 survivors (3072K)
 Metaspace       used 141440K, committed 143680K, reserved 1179648K
  class space    used 19604K, committed 20736K, reserved 1048576K
}
Event: 31.541 GC heap after
{Heap after GC invocations=71 (full 0):
 garbage-first heap   total 339968K, used 200529K [0x0000000080000000, 0x0000000100000000)
  region size 1024K, 3 young (3072K), 3 survivors (3072K)
 Metaspace       used 141440K, committed 143680K, reserved 1179648K
  class space    used 19604K, committed 20736K, reserved 1048576K
}
Event: 31.767 GC heap before
{Heap before GC invocations=71 (full 0):
 garbage-first heap   total 339968K, used 316241K [0x0000000080000000, 0x0000000100000000)
  region size 1024K, 117 young (119808K), 3 survivors (3072K)
 Metaspace       used 141681K, committed 143872K, reserved 1179648K
  class space    used 19623K, committed 20736K, reserved 1048576K
}

Dll operation events (3 events):
Event: 0.029 Loaded shared library C:\Program Files\Android\Android Studio\jbr\bin\java.dll
Event: 0.041 Loaded shared library C:\Program Files\Android\Android Studio\jbr\bin\zip.dll
Event: 0.864 Loaded shared library C:\Program Files\Android\Android Studio\jbr\bin\verify.dll

Deoptimization events (20 events):
Event: 31.395 Thread 0x000002017a676320 DEOPT PACKING pc=0x00000201659b84a0 sp=0x000000a7791fb0a0
Event: 31.395 Thread 0x000002017a676320 DEOPT UNPACKING pc=0x00000201654346a2 sp=0x000000a7791fafb0 mode 2
Event: 31.395 Thread 0x000002017a676320 Uncommon trap: trap_request=0xffffff45 fr.pc=0x0000020165e59e54 relative=0x00000000000000b4
Event: 31.395 Thread 0x000002017a676320 Uncommon trap: reason=unstable_if action=reinterpret pc=0x0000020165e59e54 method=com.google.common.util.concurrent.AbstractFuture.getDoneValue(Ljava/lang/Object;)Ljava/lang/Object; @ 46 c2
Event: 31.395 Thread 0x000002017a676320 DEOPT PACKING pc=0x0000020165e59e54 sp=0x000000a7791fb020
Event: 31.395 Thread 0x000002017a676320 DEOPT UNPACKING pc=0x00000201654346a2 sp=0x000000a7791fafb0 mode 2
Event: 31.423 Thread 0x000002017ba2c650 Uncommon trap: trap_request=0xffffff45 fr.pc=0x00000201661c076c relative=0x000000000000026c
Event: 31.423 Thread 0x000002017ba2c650 Uncommon trap: reason=unstable_if action=reinterpret pc=0x00000201661c076c method=com.android.tools.r8.internal.sf1.contains(Ljava/lang/Object;)Z @ 122 c2
Event: 31.423 Thread 0x000002017ba2c650 DEOPT PACKING pc=0x00000201661c076c sp=0x000000a7792f9a00
Event: 31.423 Thread 0x000002017ba2c650 DEOPT UNPACKING pc=0x00000201654346a2 sp=0x000000a7792f9978 mode 2
Event: 31.425 Thread 0x000002017ba2ac10 DEOPT PACKING pc=0x000002015fb03557 sp=0x000000a7799f9790
Event: 31.425 Thread 0x000002017ba2ac10 DEOPT UNPACKING pc=0x0000020165434e42 sp=0x000000a7799f8d58 mode 0
Event: 31.549 Thread 0x000002017ba2c650 DEOPT PACKING pc=0x000002015fade486 sp=0x000000a7792f9be0
Event: 31.549 Thread 0x000002017ba2c650 DEOPT UNPACKING pc=0x0000020165434e42 sp=0x000000a7792f90d8 mode 0
Event: 31.553 Thread 0x000002017ba2b2a0 DEOPT PACKING pc=0x000002015faed2e5 sp=0x000000a7793f9340
Event: 31.553 Thread 0x000002017ba2b2a0 DEOPT UNPACKING pc=0x0000020165434e42 sp=0x000000a7793f8b70 mode 0
Event: 31.602 Thread 0x000002017ba2da00 Uncommon trap: trap_request=0xffffff45 fr.pc=0x0000020165ba2e8c relative=0x000000000000024c
Event: 31.602 Thread 0x000002017ba2da00 Uncommon trap: reason=unstable_if action=reinterpret pc=0x0000020165ba2e8c method=java.util.HashMap.getNode(Ljava/lang/Object;)Ljava/util/HashMap$Node; @ 85 c2
Event: 31.603 Thread 0x000002017ba2da00 DEOPT PACKING pc=0x0000020165ba2e8c sp=0x000000a7794f9120
Event: 31.603 Thread 0x000002017ba2da00 DEOPT UNPACKING pc=0x00000201654346a2 sp=0x000000a7794f9028 mode 2

Classes loaded (20 events):
Event: 28.683 Loading class java/util/IdentityHashMap$EntrySpliterator
Event: 28.686 Loading class java/util/IdentityHashMap$IdentityHashMapSpliterator
Event: 28.687 Loading class java/util/IdentityHashMap$IdentityHashMapSpliterator done
Event: 28.687 Loading class java/util/IdentityHashMap$EntrySpliterator done
Event: 28.751 Loading class java/util/SortedSet$1
Event: 28.761 Loading class java/util/SortedSet$1 done
Event: 28.780 Loading class java/util/PriorityQueue
Event: 28.784 Loading class java/util/PriorityQueue done
Event: 28.799 Loading class java/util/stream/SliceOps
Event: 28.857 Loading class java/util/stream/SliceOps done
Event: 28.857 Loading class java/util/stream/SliceOps$1
Event: 28.859 Loading class java/util/stream/SliceOps$1 done
Event: 28.886 Loading class java/util/IdentityHashMap$ValueIterator
Event: 28.887 Loading class java/util/IdentityHashMap$ValueIterator done
Event: 28.898 Loading class java/util/stream/SliceOps$1$1
Event: 28.899 Loading class java/util/stream/SliceOps$1$1 done
Event: 30.378 Loading class java/util/concurrent/ConcurrentHashMap$TreeNode
Event: 30.379 Loading class java/util/concurrent/ConcurrentHashMap$TreeNode done
Event: 30.379 Loading class java/util/concurrent/ConcurrentHashMap$TreeBin
Event: 30.381 Loading class java/util/concurrent/ConcurrentHashMap$TreeBin done

Classes unloaded (20 events):
Event: 28.961 Thread 0x0000020172404c30 Unloading class 0x0000000101300000 'java/lang/invoke/LambdaForm$DMH+0x0000000101300000'
Event: 28.961 Thread 0x0000020172404c30 Unloading class 0x00000001012fdc00 'java/lang/invoke/LambdaForm$DMH+0x00000001012fdc00'
Event: 28.961 Thread 0x0000020172404c30 Unloading class 0x00000001012fcc00 'java/lang/invoke/LambdaForm$DMH+0x00000001012fcc00'
Event: 28.961 Thread 0x0000020172404c30 Unloading class 0x00000001012fc800 'java/lang/invoke/LambdaForm$DMH+0x00000001012fc800'
Event: 28.961 Thread 0x0000020172404c30 Unloading class 0x00000001012fc000 'java/lang/invoke/LambdaForm$DMH+0x00000001012fc000'
Event: 28.961 Thread 0x0000020172404c30 Unloading class 0x00000001012fd000 'java/lang/invoke/LambdaForm$DMH+0x00000001012fd000'
Event: 28.961 Thread 0x0000020172404c30 Unloading class 0x00000001012fd400 'java/lang/invoke/LambdaForm$DMH+0x00000001012fd400'
Event: 28.961 Thread 0x0000020172404c30 Unloading class 0x0000000101285400 'java/lang/invoke/LambdaForm$DMH+0x0000000101285400'
Event: 28.961 Thread 0x0000020172404c30 Unloading class 0x0000000101284000 'java/lang/invoke/LambdaForm$DMH+0x0000000101284000'
Event: 28.961 Thread 0x0000020172404c30 Unloading class 0x0000000101285000 'java/lang/invoke/LambdaForm$DMH+0x0000000101285000'
Event: 28.961 Thread 0x0000020172404c30 Unloading class 0x0000000101284800 'java/lang/invoke/LambdaForm$DMH+0x0000000101284800'
Event: 28.961 Thread 0x0000020172404c30 Unloading class 0x0000000101285800 'java/lang/invoke/LambdaForm$DMH+0x0000000101285800'
Event: 28.961 Thread 0x0000020172404c30 Unloading class 0x0000000101284400 'java/lang/invoke/LambdaForm$DMH+0x0000000101284400'
Event: 31.037 Thread 0x0000020172404c30 Unloading class 0x0000000101394400 'java/lang/invoke/LambdaForm$DMH+0x0000000101394400'
Event: 31.037 Thread 0x0000020172404c30 Unloading class 0x0000000101394000 'java/lang/invoke/LambdaForm$DMH+0x0000000101394000'
Event: 31.037 Thread 0x0000020172404c30 Unloading class 0x0000000101345400 'java/lang/invoke/LambdaForm$DMH+0x0000000101345400'
Event: 31.037 Thread 0x0000020172404c30 Unloading class 0x0000000101344c00 'java/lang/invoke/LambdaForm$DMH+0x0000000101344c00'
Event: 31.037 Thread 0x0000020172404c30 Unloading class 0x0000000101344800 'java/lang/invoke/LambdaForm$DMH+0x0000000101344800'
Event: 31.037 Thread 0x0000020172404c30 Unloading class 0x0000000101345000 'java/lang/invoke/LambdaForm$DMH+0x0000000101345000'
Event: 31.037 Thread 0x0000020172404c30 Unloading class 0x0000000101344400 'java/lang/invoke/LambdaForm$DMH+0x0000000101344400'

Classes redefined (0 events):
No events

Internal exceptions (20 events):
Event: 28.137 Thread 0x000002017ba2da00 Exception <a 'java/lang/NoSuchMethodError'{0x000000008c167f70}: 'java.lang.Object java.lang.invoke.DirectMethodHandle$Holder.invokeStatic(java.lang.Object, java.lang.Object, int, java.lang.Object, java.lang.Object)'> (0x000000008c167f70) 
thrown [s\src\hotspot\share\interpreter\linkResolver.cpp, line 784]
Event: 28.235 Thread 0x000002017ba2da00 Exception <a 'java/lang/NoSuchMethodError'{0x00000000fff4b0c8}: 'void java.lang.invoke.DirectMethodHandle$Holder.invokeSpecial(java.lang.Object, java.lang.Object, java.lang.Object, java.lang.Object, int)'> (0x00000000fff4b0c8) 
thrown [s\src\hotspot\share\interpreter\linkResolver.cpp, line 784]
Event: 28.235 Thread 0x000002017ba2c650 Exception <a 'java/lang/NoSuchMethodError'{0x00000000fff7fd18}: 'void java.lang.invoke.DirectMethodHandle$Holder.invokeSpecial(java.lang.Object, java.lang.Object, java.lang.Object, java.lang.Object, int)'> (0x00000000fff7fd18) 
thrown [s\src\hotspot\share\interpreter\linkResolver.cpp, line 784]
Event: 28.235 Thread 0x000002017ba2ac10 Exception <a 'java/lang/NoSuchMethodError'{0x00000000fffb36f0}: 'void java.lang.invoke.DirectMethodHandle$Holder.invokeSpecial(java.lang.Object, java.lang.Object, java.lang.Object, java.lang.Object, int)'> (0x00000000fffb36f0) 
thrown [s\src\hotspot\share\interpreter\linkResolver.cpp, line 784]
Event: 28.235 Thread 0x000002017a676320 Exception <a 'java/lang/NoSuchMethodError'{0x00000000fff2f478}: 'void java.lang.invoke.DirectMethodHandle$Holder.invokeSpecial(java.lang.Object, java.lang.Object, java.lang.Object, java.lang.Object, int)'> (0x00000000fff2f478) 
thrown [s\src\hotspot\share\interpreter\linkResolver.cpp, line 784]
Event: 28.480 Thread 0x000002017ba2b2a0 Exception <a 'java/lang/IncompatibleClassChangeError'{0x000000008fe9c778}: Found class java.lang.Object, but interface was expected> (0x000000008fe9c778) 
thrown [s\src\hotspot\share\interpreter\linkResolver.cpp, line 851]
Event: 28.480 Thread 0x000002017d4ab650 Exception <a 'java/lang/IncompatibleClassChangeError'{0x000000008fd04da8}: Found class java.lang.Object, but interface was expected> (0x000000008fd04da8) 
thrown [s\src\hotspot\share\interpreter\linkResolver.cpp, line 851]
Event: 28.482 Thread 0x000002017ba2b2a0 Exception <a 'java/lang/IncompatibleClassChangeError'{0x000000008fea0d50}: Found class java.lang.Object, but interface was expected> (0x000000008fea0d50) 
thrown [s\src\hotspot\share\interpreter\linkResolver.cpp, line 851]
Event: 28.483 Thread 0x000002017d4ab650 Exception <a 'java/lang/IncompatibleClassChangeError'{0x000000008fd09838}: Found class java.lang.Object, but interface was expected> (0x000000008fd09838) 
thrown [s\src\hotspot\share\interpreter\linkResolver.cpp, line 851]
Event: 28.624 Thread 0x000002017ba2da00 Exception <a 'java/lang/NoSuchMethodError'{0x000000008fbc30f0}: 'void java.lang.invoke.DirectMethodHandle$Holder.invokeSpecial(java.lang.Object, java.lang.Object, int, java.lang.Object)'> (0x000000008fbc30f0) 
thrown [s\src\hotspot\share\interpreter\linkResolver.cpp, line 784]
Event: 28.624 Thread 0x000002017d4ab650 Exception <a 'java/lang/NoSuchMethodError'{0x000000008e228688}: 'void java.lang.invoke.DirectMethodHandle$Holder.invokeSpecial(java.lang.Object, java.lang.Object, int, java.lang.Object)'> (0x000000008e228688) 
thrown [s\src\hotspot\share\interpreter\linkResolver.cpp, line 784]
Event: 28.624 Thread 0x000002017ba2b2a0 Exception <a 'java/lang/NoSuchMethodError'{0x000000008dba46c8}: 'void java.lang.invoke.DirectMethodHandle$Holder.invokeSpecial(java.lang.Object, java.lang.Object, int, java.lang.Object)'> (0x000000008dba46c8) 
thrown [s\src\hotspot\share\interpreter\linkResolver.cpp, line 784]
Event: 28.925 Thread 0x000002017a675600 Exception <a 'java/lang/NoSuchMethodError'{0x00000000ff643a08}: 'void java.lang.invoke.DirectMethodHandle$Holder.invokeVirtual(java.lang.Object, java.lang.Object, int)'> (0x00000000ff643a08) 
thrown [s\src\hotspot\share\interpreter\linkResolver.cpp, line 784]
Event: 29.065 Thread 0x000002017a675600 Exception <a 'java/lang/NoSuchMethodError'{0x00000000906b5088}: 'int java.lang.invoke.DirectMethodHandle$Holder.invokeSpecial(java.lang.Object, java.lang.Object, java.lang.Object, int, java.lang.Object)'> (0x00000000906b5088) 
thrown [s\src\hotspot\share\interpreter\linkResolver.cpp, line 784]
Event: 29.066 Thread 0x000002017d4ab650 Exception <a 'java/lang/NoSuchMethodError'{0x00000000906e2500}: 'int java.lang.invoke.DirectMethodHandle$Holder.invokeSpecial(java.lang.Object, java.lang.Object, java.lang.Object, int, java.lang.Object)'> (0x00000000906e2500) 
thrown [s\src\hotspot\share\interpreter\linkResolver.cpp, line 784]
Event: 29.067 Thread 0x000002017ba2b2a0 Exception <a 'java/lang/NoSuchMethodError'{0x0000000093f07e20}: 'int java.lang.invoke.DirectMethodHandle$Holder.invokeSpecial(java.lang.Object, java.lang.Object, java.lang.Object, int, java.lang.Object)'> (0x0000000093f07e20) 
thrown [s\src\hotspot\share\interpreter\linkResolver.cpp, line 784]
Event: 29.185 Thread 0x000002017ba2b2a0 Exception <a 'java/lang/NoSuchMethodError'{0x0000000093b3ed98}: 'java.lang.Object java.lang.invoke.DirectMethodHandle$Holder.invokeInterface(java.lang.Object, java.lang.Object, int)'> (0x0000000093b3ed98) 
thrown [s\src\hotspot\share\interpreter\linkResolver.cpp, line 784]
Event: 29.231 Thread 0x000002017ba2b2a0 Exception <a 'java/lang/NoSuchMethodError'{0x000000009385f3f8}: 'int java.lang.invoke.DirectMethodHandle$Holder.invokeInterface(java.lang.Object, java.lang.Object, int)'> (0x000000009385f3f8) 
thrown [s\src\hotspot\share\interpreter\linkResolver.cpp, line 784]
Event: 29.338 Thread 0x000002017ba2b2a0 Exception <a 'java/lang/NoSuchMethodError'{0x000000009317e4a8}: 'void java.lang.invoke.DirectMethodHandle$Holder.invokeStatic(java.lang.Object, int)'> (0x000000009317e4a8) 
thrown [s\src\hotspot\share\interpreter\linkResolver.cpp, line 784]
Event: 29.965 Thread 0x000002017a675600 Exception <a 'java/lang/IncompatibleClassChangeError'{0x00000000924d1c18}: Found class java.lang.Object, but interface was expected> (0x00000000924d1c18) 
thrown [s\src\hotspot\share\interpreter\linkResolver.cpp, line 851]

ZGC Phase Switch (0 events):
No events

VM Operations (20 events):
Event: 30.351 Executing VM operation: G1CollectForAllocation (G1 Evacuation Pause) done
Event: 30.384 Executing VM operation: HandshakeAllThreads (Deoptimize)
Event: 30.396 Executing VM operation: HandshakeAllThreads (Deoptimize) done
Event: 30.508 Executing VM operation: ICBufferFull
Event: 30.508 Executing VM operation: ICBufferFull done
Event: 30.721 Executing VM operation: G1CollectForAllocation (G1 Evacuation Pause)
Event: 30.729 Executing VM operation: G1CollectForAllocation (G1 Evacuation Pause) done
Event: 30.988 Executing VM operation: ICBufferFull
Event: 31.005 Executing VM operation: ICBufferFull done
Event: 31.036 Executing VM operation: G1PauseRemark
Event: 31.066 Executing VM operation: G1PauseRemark done
Event: 31.196 Executing VM operation: G1PauseCleanup
Event: 31.197 Executing VM operation: G1PauseCleanup done
Event: 31.288 Executing VM operation: G1CollectForAllocation (G1 Evacuation Pause)
Event: 31.293 Executing VM operation: G1CollectForAllocation (G1 Evacuation Pause) done
Event: 31.533 Executing VM operation: G1CollectForAllocation (G1 Evacuation Pause)
Event: 31.541 Executing VM operation: G1CollectForAllocation (G1 Evacuation Pause) done
Event: 31.756 Executing VM operation: ICBufferFull
Event: 31.757 Executing VM operation: ICBufferFull done
Event: 31.767 Executing VM operation: G1CollectForAllocation (G1 Evacuation Pause)

Memory protections (0 events):
No events

Nmethod flushes (20 events):
Event: 31.064 Thread 0x0000020172404c30 flushing  nmethod 0x000002015f61a990
Event: 31.064 Thread 0x0000020172404c30 flushing  nmethod 0x000002015f659b90
Event: 31.064 Thread 0x0000020172404c30 flushing  nmethod 0x000002015f65b190
Event: 31.064 Thread 0x0000020172404c30 flushing  nmethod 0x000002015f65c490
Event: 31.064 Thread 0x0000020172404c30 flushing  nmethod 0x000002015f661010
Event: 31.064 Thread 0x0000020172404c30 flushing  nmethod 0x000002015f662290
Event: 31.064 Thread 0x0000020172404c30 flushing  nmethod 0x000002015f662710
Event: 31.064 Thread 0x0000020172404c30 flushing  nmethod 0x000002015f662c10
Event: 31.064 Thread 0x0000020172404c30 flushing  nmethod 0x000002015f6b2090
Event: 31.064 Thread 0x0000020172404c30 flushing  nmethod 0x000002015f6b2410
Event: 31.064 Thread 0x0000020172404c30 flushing  nmethod 0x000002015f6b6010
Event: 31.064 Thread 0x0000020172404c30 flushing  nmethod 0x000002015f6b6410
Event: 31.064 Thread 0x0000020172404c30 flushing  nmethod 0x000002015f6b6810
Event: 31.064 Thread 0x0000020172404c30 flushing  nmethod 0x000002015f6b8510
Event: 31.064 Thread 0x0000020172404c30 flushing  nmethod 0x000002015f6ba610
Event: 31.064 Thread 0x0000020172404c30 flushing  nmethod 0x000002015f6bb210
Event: 31.064 Thread 0x0000020172404c30 flushing  nmethod 0x000002015f6bcc10
Event: 31.064 Thread 0x0000020172404c30 flushing  nmethod 0x000002015f6bd710
Event: 31.064 Thread 0x0000020172404c30 flushing  nmethod 0x000002015f6be590
Event: 31.064 Thread 0x0000020172404c30 flushing  nmethod 0x000002015f6bfa10

Events (20 events):
Event: 25.601 Thread 0x000002017d4aead0 Thread added: 0x000002017d08e910
Event: 25.666 Thread 0x000002017d4aead0 Thread added: 0x000002017d092ab0
Event: 25.666 Thread 0x000002017d4aead0 Thread added: 0x000002017d08f630
Event: 25.667 Thread 0x000002017d4aead0 Thread added: 0x000002017d093140
Event: 25.668 Thread 0x000002017d4aead0 Thread added: 0x000002017d0937d0
Event: 25.670 Thread 0x000002017d4aead0 Thread added: 0x000002017d1e2d90
Event: 25.673 Thread 0x000002017d4aead0 Thread added: 0x000002017d1e68a0
Event: 25.674 Thread 0x000002017d4aead0 Thread added: 0x000002017d1e6f30
Event: 26.031 Thread 0x000002017d4aead0 Thread added: 0x000002017d1e7c50
Event: 26.080 Thread 0x000002017d4ac370 Thread added: 0x000002017d1e9000
Event: 26.081 Thread 0x000002017d4ac370 Thread added: 0x000002017d1e82e0
Event: 26.081 Thread 0x000002017d4ac370 Thread added: 0x000002017d1e9d20
Event: 26.082 Thread 0x000002017d4ac370 Thread added: 0x000002017d1e9690
Event: 26.085 Thread 0x000002017d4ac370 Thread added: 0x000002017d1e8970
Event: 26.087 Thread 0x000002017d4ac370 Thread added: 0x000002017d1ea3b0
Event: 26.088 Thread 0x000002017d4ac370 Thread added: 0x000002017d4aafc0
Event: 26.162 Thread 0x000002017d4ac370 Thread added: 0x000002017d4aa2a0
Event: 26.163 Thread 0x000002017d4ac370 Thread added: 0x000002017d4aca00
Event: 26.163 Thread 0x000002017d4ac370 Thread added: 0x000002017d4ad090
Event: 26.164 Thread 0x000002017d4ac370 Thread added: 0x000002017d4aa930


Dynamic libraries:
0x00007ff6e8060000 - 0x00007ff6e806a000 	C:\Program Files\Android\Android Studio\jbr\bin\java.exe
0x00007ffcf6620000 - 0x00007ffcf6887000 	C:\WINDOWS\SYSTEM32\ntdll.dll
0x00007ffcf5350000 - 0x00007ffcf5419000 	C:\WINDOWS\System32\KERNEL32.DLL
0x00007ffcf3a50000 - 0x00007ffcf3e44000 	C:\WINDOWS\System32\KERNELBASE.dll
0x00007ffcf2ef0000 - 0x00007ffcf303b000 	C:\WINDOWS\System32\ucrtbase.dll
0x00007ffce47f0000 - 0x00007ffce4808000 	C:\Program Files\Android\Android Studio\jbr\bin\jli.dll
0x00007ffce28f0000 - 0x00007ffce290b000 	C:\Program Files\Android\Android Studio\jbr\bin\VCRUNTIME140.dll
0x00007ffcf6410000 - 0x00007ffcf65d5000 	C:\WINDOWS\System32\USER32.dll
0x00007ffcf3040000 - 0x00007ffcf3067000 	C:\WINDOWS\System32\win32u.dll
0x00007ffcf5030000 - 0x00007ffcf505b000 	C:\WINDOWS\System32\GDI32.dll
0x00007ffcf3f00000 - 0x00007ffcf402b000 	C:\WINDOWS\System32\gdi32full.dll
0x00007ffce2200000 - 0x00007ffce2493000 	C:\WINDOWS\WinSxS\amd64_microsoft.windows.common-controls_6595b64144ccf1df_6.0.26100.8115_none_3e075c82e3354f9c\COMCTL32.dll
0x00007ffcf3e50000 - 0x00007ffcf3ef3000 	C:\WINDOWS\System32\msvcp_win.dll
0x00007ffcf52a0000 - 0x00007ffcf5349000 	C:\WINDOWS\System32\msvcrt.dll
0x00007ffcf5420000 - 0x00007ffcf5452000 	C:\WINDOWS\System32\IMM32.DLL
0x00007ffce5410000 - 0x00007ffce541c000 	C:\Program Files\Android\Android Studio\jbr\bin\vcruntime140_1.dll
0x00007ffcd5500000 - 0x00007ffcd558d000 	C:\Program Files\Android\Android Studio\jbr\bin\msvcp140.dll
0x00007ffc7f180000 - 0x00007ffc7fe0e000 	C:\Program Files\Android\Android Studio\jbr\bin\server\jvm.dll
0x00007ffcf5680000 - 0x00007ffcf5736000 	C:\WINDOWS\System32\ADVAPI32.dll
0x00007ffcf4590000 - 0x00007ffcf4637000 	C:\WINDOWS\System32\sechost.dll
0x00007ffcf5740000 - 0x00007ffcf5858000 	C:\WINDOWS\System32\RPCRT4.dll
0x00007ffcf5460000 - 0x00007ffcf54e0000 	C:\WINDOWS\System32\WS2_32.dll
0x00007ffce8820000 - 0x00007ffce8856000 	C:\WINDOWS\SYSTEM32\WINMM.dll
0x00007ffcf2d50000 - 0x00007ffcf2dae000 	C:\WINDOWS\SYSTEM32\POWRPROF.dll
0x00007ffce80c0000 - 0x00007ffce80cb000 	C:\WINDOWS\SYSTEM32\VERSION.dll
0x00007ffcf2d30000 - 0x00007ffcf2d44000 	C:\WINDOWS\SYSTEM32\UMPDC.dll
0x00007ffcf1c80000 - 0x00007ffcf1c9b000 	C:\WINDOWS\SYSTEM32\kernel.appcore.dll
0x00007ffce2d40000 - 0x00007ffce2d4a000 	C:\Program Files\Android\Android Studio\jbr\bin\jimage.dll
0x00007ffce8580000 - 0x00007ffce87c2000 	C:\WINDOWS\SYSTEM32\DBGHELP.DLL
0x00007ffcf5e60000 - 0x00007ffcf61e2000 	C:\WINDOWS\System32\combase.dll
0x00007ffcf5590000 - 0x00007ffcf5668000 	C:\WINDOWS\System32\OLEAUT32.dll
0x00007ffcf0760000 - 0x00007ffcf079b000 	C:\WINDOWS\SYSTEM32\dbgcore.DLL
0x00007ffcf3070000 - 0x00007ffcf3115000 	C:\WINDOWS\System32\bcryptPrimitives.dll
0x00007ffce4de0000 - 0x00007ffce4dee000 	C:\Program Files\Android\Android Studio\jbr\bin\instrument.dll
0x00007ffcd7510000 - 0x00007ffcd7530000 	C:\Program Files\Android\Android Studio\jbr\bin\java.dll
0x00007ffcd74f0000 - 0x00007ffcd7508000 	C:\Program Files\Android\Android Studio\jbr\bin\zip.dll
0x00007ffcf48b0000 - 0x00007ffcf5017000 	C:\WINDOWS\System32\SHELL32.dll
0x00007ffcf4030000 - 0x00007ffcf419a000 	C:\WINDOWS\System32\wintypes.dll
0x00007ffcf3120000 - 0x00007ffcf3988000 	C:\WINDOWS\System32\windows.storage.dll
0x00007ffcf5060000 - 0x00007ffcf5158000 	C:\WINDOWS\System32\SHCORE.dll
0x00007ffcf5160000 - 0x00007ffcf51c6000 	C:\WINDOWS\System32\shlwapi.dll
0x00007ffcf2e10000 - 0x00007ffcf2e39000 	C:\WINDOWS\SYSTEM32\profapi.dll
0x00007ffcd82a0000 - 0x00007ffcd82b0000 	C:\Program Files\Android\Android Studio\jbr\bin\net.dll
0x00007ffcec640000 - 0x00007ffcec76d000 	C:\WINDOWS\SYSTEM32\WINHTTP.dll
0x00007ffcf21f0000 - 0x00007ffcf225c000 	C:\WINDOWS\system32\mswsock.dll
0x00007ffcd5590000 - 0x00007ffcd55a6000 	C:\Program Files\Android\Android Studio\jbr\bin\nio.dll
0x00007ffce4df0000 - 0x00007ffce4e00000 	C:\Program Files\Android\Android Studio\jbr\bin\verify.dll
0x00007ffcd7600000 - 0x00007ffcd7627000 	C:\Users\user\.gradle\native\1def1411415f61bf3af743bc5b6707747c0891f09f0c88961ee8f79bc544acac\windows-amd64\native-platform.dll
0x00007ffcd5480000 - 0x00007ffcd54f8000 	C:\Users\user\.gradle\native\0.2.7\x86_64-windows-gnu\gradle-fileevents.dll
0x00007ffcd7690000 - 0x00007ffcd7699000 	C:\Program Files\Android\Android Studio\jbr\bin\management.dll
0x00007ffcd74e0000 - 0x00007ffcd74eb000 	C:\Program Files\Android\Android Studio\jbr\bin\management_ext.dll
0x00007ffcf51d0000 - 0x00007ffcf51d8000 	C:\WINDOWS\System32\PSAPI.DLL
0x00007ffcf1680000 - 0x00007ffcf16b2000 	C:\WINDOWS\SYSTEM32\IPHLPAPI.DLL
0x00007ffcf4640000 - 0x00007ffcf464a000 	C:\WINDOWS\System32\NSI.dll
0x00007ffcd7aa0000 - 0x00007ffcd7aa9000 	C:\Program Files\Android\Android Studio\jbr\bin\extnet.dll
0x00007ffcf24e0000 - 0x00007ffcf24fb000 	C:\WINDOWS\SYSTEM32\CRYPTSP.dll
0x00007ffcf1be0000 - 0x00007ffcf1c19000 	C:\WINDOWS\system32\rsaenh.dll
0x00007ffcf22a0000 - 0x00007ffcf22d3000 	C:\WINDOWS\SYSTEM32\USERENV.dll
0x00007ffcf2de0000 - 0x00007ffcf2e0a000 	C:\WINDOWS\SYSTEM32\bcrypt.dll
0x00007ffcf24d0000 - 0x00007ffcf24dc000 	C:\WINDOWS\SYSTEM32\CRYPTBASE.dll
0x00007ffce2cb0000 - 0x00007ffce2cb8000 	C:\WINDOWS\system32\wshunix.dll
0x00007ffc9ebe0000 - 0x00007ffc9ebf8000 	C:\WINDOWS\system32\napinsp.dll
0x00007ffcf1710000 - 0x00007ffcf1842000 	C:\WINDOWS\SYSTEM32\DNSAPI.dll
0x00007ffc9ec00000 - 0x00007ffc9ec13000 	C:\WINDOWS\System32\winrnr.dll
0x00007ffc9ec20000 - 0x00007ffc9ec42000 	C:\WINDOWS\system32\nlansp_c.dll
0x00007ffccfa60000 - 0x00007ffccfa76000 	C:\WINDOWS\system32\wshbth.dll
0x00007ffcec7f0000 - 0x00007ffcec7fb000 	C:\Windows\System32\rasadhlp.dll
0x00007ffcee090000 - 0x00007ffcee116000 	C:\WINDOWS\System32\fwpuclnt.dll

dbghelp: loaded successfully - version: 4.0.5 - missing functions: none
symbol engine: initialized successfully - sym options: 0x614 - pdb path: .;C:\Program Files\Android\Android Studio\jbr\bin;C:\WINDOWS\SYSTEM32;C:\WINDOWS\WinSxS\amd64_microsoft.windows.common-controls_6595b64144ccf1df_6.0.26100.8115_none_3e075c82e3354f9c;C:\Program Files\Android\Android Studio\jbr\bin\server;C:\Users\user\.gradle\native\1def1411415f61bf3af743bc5b6707747c0891f09f0c88961ee8f79bc544acac\windows-amd64;C:\Users\user\.gradle\native\0.2.7\x86_64-windows-gnu

VM Arguments:
jvm_args: --add-opens=java.base/java.lang=ALL-UNNAMED --add-opens=java.base/java.lang.invoke=ALL-UNNAMED --add-opens=java.base/java.util=ALL-UNNAMED --add-opens=java.prefs/java.util.prefs=ALL-UNNAMED --add-exports=jdk.compiler/com.sun.tools.javac.api=ALL-UNNAMED --add-exports=jdk.compiler/com.sun.tools.javac.util=ALL-UNNAMED --add-opens=java.base/java.util=ALL-UNNAMED --add-opens=java.prefs/java.util.prefs=ALL-UNNAMED --add-opens=java.base/java.nio.charset=ALL-UNNAMED --add-opens=java.base/java.net=ALL-UNNAMED --add-opens=java.base/java.util.concurrent.atomic=ALL-UNNAMED --add-opens=java.xml/javax.xml.namespace=ALL-UNNAMED -Xmx2048m -Dfile.encoding=UTF-8 -Duser.country=ID -Duser.language=en -Duser.variant -javaagent:C:\Users\user\.gradle\wrapper\dists\gradle-8.13-bin\5xuhj0ry160q40clulazy9h7d\gradle-8.13\lib\agents\gradle-instrumentation-agent-8.13.jar 
java_command: org.gradle.launcher.daemon.bootstrap.GradleDaemon 8.13
java_class_path (initial): C:\Users\user\.gradle\wrapper\dists\gradle-8.13-bin\5xuhj0ry160q40clulazy9h7d\gradle-8.13\lib\gradle-daemon-main-8.13.jar
Launcher Type: SUN_STANDARD

[Global flags]
     intx CICompilerCount                          = 4                                         {product} {ergonomic}
     uint ConcGCThreads                            = 2                                         {product} {ergonomic}
     uint G1ConcRefinementThreads                  = 8                                         {product} {ergonomic}
   size_t G1HeapRegionSize                         = 1048576                                   {product} {ergonomic}
    uintx GCDrainStackTargetSize                   = 64                                        {product} {ergonomic}
   size_t InitialHeapSize                          = 96468992                                  {product} {ergonomic}
   size_t MarkStackSize                            = 4194304                                   {product} {ergonomic}
   size_t MaxHeapSize                              = 2147483648                                {product} {command line}
   size_t MaxNewSize                               = 1287651328                                {product} {ergonomic}
   size_t MinHeapDeltaBytes                        = 1048576                                   {product} {ergonomic}
   size_t MinHeapSize                              = 8388608                                   {product} {ergonomic}
    uintx NonNMethodCodeHeapSize                   = 5839372                                {pd product} {ergonomic}
    uintx NonProfiledCodeHeapSize                  = 122909434                              {pd product} {ergonomic}
    uintx ProfiledCodeHeapSize                     = 122909434                              {pd product} {ergonomic}
    uintx ReservedCodeCacheSize                    = 251658240                              {pd product} {ergonomic}
     bool SegmentedCodeCache                       = true                                      {product} {ergonomic}
   size_t SoftMaxHeapSize                          = 2147483648                             {manageable} {ergonomic}
     bool UseCompressedOops                        = true                           {product lp64_product} {ergonomic}
     bool UseG1GC                                  = true                                      {product} {ergonomic}
     bool UseLargePagesIndividualAllocation        = false                                  {pd product} {ergonomic}

Logging:
Log output configuration:
 #0: stdout all=warning uptime,level,tags foldmultilines=false
 #1: stderr all=off uptime,level,tags foldmultilines=false

Environment Variables:
PATH=C:\Users\user\flutter\bin;C:\Program Files\Common Files\Oracle\Java\javapath;C:\Users\user\AppData\Local\Programs\Python\Python310\;C:\Users\user\AppData\Local\Programs\Python\Python310\Scripts\;C:\WINDOWS\system32;C:\WINDOWS;C:\WINDOWS\System32\Wbem;C:\WINDOWS\System32\WindowsPowerShell\v1.0\;C:\WINDOWS\System32\OpenSSH\;C:\Dev-Cpp\bin\MinGW;C:\laragon\bin\php\php-8.3.16-Win32-vs16-x64;C:\Program Files\Git\cmd;C:\Program Files\Java\jdk-19;C:\Users\user\.conda;C:\Users\user\miniconda3;C:\Users\user\anaconda3;C:\Users\user\AppData\Local\Android\Sdk;C:\Users\user\AppData\Local\Android\Sdk\platform-tools;C:\php8.4;C:\composer;C:\xampp\php;C:\Program Files\nodejs\;C:\Users\user\AppData\Local\Programs\Python\Python310\Scripts\;C:\Users\user\AppData\Local\Programs\Python\Python310\;C:\Users\user\AppData\Local\Programs\Python\Launcher\;C:\Users\user\AppData\Local\Microsoft\WindowsApps;C:\Users\user\AppData\Roaming\Composer\vendor\bin;C:\Users\user\AppData\Local\Android\Sdk;C:\Users\user\AppData\Local\Android\Sdk\platform-tools;C:\Users\user\AppData\Local\Programs\Microsoft VS Code\bin;C:\Users\user\AppData\Roaming\npm
USERNAME=user
OS=Windows_NT
PROCESSOR_IDENTIFIER=AMD64 Family 23 Model 160 Stepping 0, AuthenticAMD
TMP=C:\Users\user\AppData\Local\Temp
TEMP=C:\Users\user\AppData\Local\Temp




Periodic native trim disabled

JNI global refs:
JNI global refs: 30, weak refs: 120

JNI global refs memory usage: 835, weak refs: 2097

Process memory usage:
Resident Set Size: 609544K (10% of 6018300K total physical memory with 284200K free physical memory)

OOME stack traces (most recent first):
Classloader memory used:
Loader org.gradle.internal.classloader.VisitableURLClassLoader$InstrumentingVisitableURLClassLoader: 51310K
Loader org.gradle.internal.classloader.VisitableURLClassLoader                         : 45819K
Loader bootstrap                                                                       : 30158K
Loader org.gradle.initialization.MixInLegacyTypesClassLoader                           : 12967K
Loader jdk.internal.loader.ClassLoaders$PlatformClassLoader                            : 508K
Loader jdk.internal.reflect.DelegatingClassLoader                                      : 354K
Loader jdk.internal.loader.ClassLoaders$AppClassLoader                                 : 235K
Loader org.gradle.internal.classloader.VisitableURLClassLoader                         : 163K
Loader org.gradle.groovy.scripts.internal.DefaultScriptCompilationHandler$ScriptClassLoader: 135K
Loader org.codehaus.groovy.runtime.callsite.CallSiteClassLoader                        : 27352B
Loader sun.reflect.misc.MethodUtil                                                     : 2968B

Classes loaded by more than one classloader:
Class Program                                                                         : loaded 5 times (x 70B)
Class Build_gradle                                                                    : loaded 3 times (x 128B)
Class Build_gradle$1                                                                  : loaded 3 times (x 72B)
Class org.gradle.internal.classloader.FilteringClassLoader                            : loaded 2 times (x 103B)
Class com.google.common.base.CharMatcher$IsEither                                     : loaded 2 times (x 109B)
Class org.gradle.internal.classloader.ClassLoaderHierarchy                            : loaded 2 times (x 68B)
Class com.google.common.collect.ImmutableEnumSet                                      : loaded 2 times (x 144B)
Class com.google.common.util.concurrent.ExecutionError                                : loaded 2 times (x 80B)
Class com.google.common.collect.ImmutableList$1                                       : loaded 2 times (x 95B)
Class org.gradle.api.internal.classpath.ManifestUtil                                  : loaded 2 times (x 69B)
Class com.google.common.io.ByteArrayDataOutput                                        : loaded 2 times (x 68B)
Class com.google.common.collect.RegularImmutableMap                                   : loaded 2 times (x 119B)
Class com.google.common.collect.ImmutableMap$MapViewOfValuesAsSingletonSets           : loaded 2 times (x 124B)
Class [Lorg.objectweb.asm.Symbol;                                                     : loaded 2 times (x 67B)
Class org.objectweb.asm.ClassVisitor                                                  : loaded 2 times (x 86B)
Class com.google.common.collect.UnmodifiableListIterator                              : loaded 2 times (x 93B)
Class com.google.common.base.Platform$JdkPatternCompiler                              : loaded 2 times (x 73B)
Class org.objectweb.asm.MethodTooLargeException                                       : loaded 2 times (x 81B)
Class [Lcom.google.common.cache.CacheBuilder$OneWeigher;                              : loaded 2 times (x 67B)
Class com.google.common.base.Suppliers                                                : loaded 2 times (x 69B)
Class org.gradle.internal.classloader.DefaultClassLoaderFactory                       : loaded 2 times (x 80B)
Class org.gradle.internal.classloader.ClassLoaderVisitor                              : loaded 2 times (x 74B)
Class [Lcom.google.common.collect.ImmutableMapEntry;                                  : loaded 2 times (x 67B)
Class org.gradle.api.internal.classpath.EffectiveClassPath                            : loaded 2 times (x 88B)
Class com.google.common.collect.ListMultimap                                          : loaded 2 times (x 68B)
Class com.google.common.collect.ImmutableEnumMap                                      : loaded 2 times (x 124B)
Class com.google.common.collect.Sets$1                                                : loaded 2 times (x 137B)
Class org.objectweb.asm.AnnotationVisitor                                             : loaded 2 times (x 76B)
Class org.gradle.api.internal.DefaultClassPathProvider                                : loaded 2 times (x 74B)
Class com.google.common.collect.Sets$2                                                : loaded 2 times (x 137B)
Class [Lorg.gradle.api.internal.ClassPathProvider;                                    : loaded 2 times (x 67B)
Class org.gradle.api.internal.ClassPathProvider                                       : loaded 2 times (x 68B)
Class [Lorg.objectweb.asm.AnnotationVisitor;                                          : loaded 2 times (x 67B)
Class com.google.common.collect.Sets$3                                                : loaded 2 times (x 137B)
Class com.google.common.util.concurrent.AbstractFuture$SafeAtomicHelper               : loaded 2 times (x 77B)
Class com.google.common.cache.LocalCache$LocalLoadingCache                            : loaded 2 times (x 132B)
Class org.gradle.internal.service.UnknownServiceException                             : loaded 2 times (x 81B)
Class com.google.common.io.ByteArrayDataInput                                         : loaded 2 times (x 68B)
Class com.google.common.collect.Sets$4                                                : loaded 2 times (x 137B)
Class org.objectweb.asm.ModuleVisitor                                                 : loaded 2 times (x 79B)
Class com.google.common.cache.LocalCache$Strength$1                                   : loaded 2 times (x 79B)
Class com.google.common.util.concurrent.SettableFuture                                : loaded 2 times (x 112B)
Class com.google.common.cache.LocalCache$Strength$2                                   : loaded 2 times (x 79B)
Class com.google.common.io.ByteStreams                                                : loaded 2 times (x 69B)
Class com.google.common.cache.LocalCache$Strength$3                                   : loaded 2 times (x 79B)
Class com.google.common.collect.MapDifference                                         : loaded 2 times (x 68B)
Class org.objectweb.asm.FieldWriter                                                   : loaded 2 times (x 76B)
Class com.google.common.cache.CacheBuilder$NullListener                               : loaded 2 times (x 80B)
Class org.gradle.internal.classpath.TransformedClassPath                              : loaded 2 times (x 94B)
Class org.gradle.internal.classloader.InstrumentingClassLoader                        : loaded 2 times (x 68B)
Class com.google.common.cache.CacheLoader$FunctionToCacheLoader                       : loaded 2 times (x 73B)
Class com.google.common.collect.Iterators$ArrayItr                                    : loaded 2 times (x 95B)
Class com.google.common.collect.ImmutableCollection$Builder                           : loaded 2 times (x 74B)
Class com.google.common.base.Joiner                                                   : loaded 2 times (x 77B)
Class com.google.common.base.MoreObjects                                              : loaded 2 times (x 69B)
Class com.google.common.collect.Platform                                              : loaded 2 times (x 69B)
Class [Lorg.objectweb.asm.Type;                                                       : loaded 2 times (x 67B)
Class com.google.common.collect.UnmodifiableIterator                                  : loaded 2 times (x 78B)
Class org.gradle.internal.service.ServiceLocator                                      : loaded 2 times (x 68B)
Class com.google.common.base.Ascii                                                    : loaded 2 times (x 69B)
Class com.google.common.collect.SingletonImmutableBiMap                               : loaded 2 times (x 141B)
Class com.google.common.cache.LocalCache$1                                            : loaded 2 times (x 87B)
Class com.google.common.collect.AbstractMapEntry                                      : loaded 2 times (x 79B)
Class com.google.common.collect.Sets$ImprovedAbstractSet                              : loaded 2 times (x 133B)
Class com.google.common.collect.ImmutableList$Builder                                 : loaded 2 times (x 75B)
Class com.google.common.collect.AbstractMultimap                                      : loaded 2 times (x 121B)
Class com.google.common.cache.LocalCache$2                                            : loaded 2 times (x 140B)
Class com.google.common.util.concurrent.AbstractFuture$UnsafeAtomicHelper$1           : loaded 2 times (x 74B)
Class com.google.common.collect.RegularImmutableAsList                                : loaded 2 times (x 215B)
Class com.google.common.util.concurrent.AbstractFuture$Trusted                        : loaded 2 times (x 68B)
Class com.google.common.collect.Iterators                                             : loaded 2 times (x 69B)
Class com.google.common.collect.Lists$StringAsImmutableList                           : loaded 2 times (x 205B)
Class com.google.common.util.concurrent.UncheckedExecutionException                   : loaded 2 times (x 80B)
Class org.gradle.kotlin.dsl.VersionCatalogAccessorsKt                                 : loaded 2 times (x 69B)
Class ijKotlinCoroutineJvmDebugInit1_9sv6alppme9gmt0k1rtk5kuhh$_run_closure1$_closure2: loaded 2 times (x 137B)
Class org.gradle.internal.InternalTransformer                                         : loaded 2 times (x 68B)
Class com.google.common.collect.AbstractMapBasedMultimap$KeySet$1                     : loaded 2 times (x 80B)
Class org.objectweb.asm.ClassWriter                                                   : loaded 2 times (x 104B)
Class com.google.common.base.CharMatcher$And                                          : loaded 2 times (x 110B)
Class com.google.common.cache.CacheLoader$UnsupportedLoadingOperationException        : loaded 2 times (x 80B)
Class org.gradle.internal.classloader.ClasspathUtil$1                                 : loaded 2 times (x 74B)
Class com.google.common.base.Objects                                                  : loaded 2 times (x 69B)
Class org.objectweb.asm.FieldVisitor                                                  : loaded 2 times (x 75B)
Class com.google.common.collect.IndexedImmutableSet                                   : loaded 2 times (x 150B)
Class com.google.common.collect.ImmutableMap$1                                        : loaded 2 times (x 79B)
Class com.google.common.collect.BiMap                                                 : loaded 2 times (x 68B)
Class org.gradle.api.internal.classpath.DefaultModuleRegistry$DefaultModule           : loaded 2 times (x 84B)
Class com.google.common.primitives.Ints                                               : loaded 2 times (x 69B)
Class com.google.common.collect.AbstractIterator                                      : loaded 2 times (x 80B)
Class com.google.common.collect.ObjectArrays                                          : loaded 2 times (x 69B)
Class com.google.common.collect.Multiset                                              : loaded 2 times (x 68B)
Class com.google.common.collect.ArrayListMultimapGwtSerializationDependencies         : loaded 2 times (x 170B)
Class com.google.common.collect.RegularImmutableMap$KeySet                            : loaded 2 times (x 150B)
Class com.google.common.math.MathPreconditions                                        : loaded 2 times (x 69B)
Class com.google.common.collect.ImmutableMapEntrySet                                  : loaded 2 times (x 150B)
Class org.gradle.api.internal.classpath.Module                                        : loaded 2 times (x 68B)
Class com.google.common.cache.Weigher                                                 : loaded 2 times (x 68B)
Class org.gradle.api.internal.classpath.UnknownModuleException                        : loaded 2 times (x 80B)
Class com.google.common.base.Stopwatch                                                : loaded 2 times (x 70B)
Class com.google.common.cache.LocalCache$Strength                                     : loaded 2 times (x 79B)
Class com.google.common.cache.Cache                                                   : loaded 2 times (x 68B)
Class com.google.common.base.NullnessCasts                                            : loaded 2 times (x 69B)
Class com.google.common.util.concurrent.AbstractFuture$Cancellation                   : loaded 2 times (x 70B)
Class com.google.common.collect.ImmutableMap$Builder                                  : loaded 2 times (x 80B)
Class com.google.common.cache.RemovalListener                                         : loaded 2 times (x 68B)
Class org.gradle.api.internal.DefaultClassPathRegistry                                : loaded 2 times (x 74B)
Class com.google.common.primitives.IntsMethodsForWeb                                  : loaded 2 times (x 69B)
Class com.google.common.collect.Multimap                                              : loaded 2 times (x 68B)
Class org.gradle.api.internal.ClassPathRegistry                                       : loaded 2 times (x 68B)
Class org.gradle.internal.classpath.DefaultClassPath$ImmutableUniqueList              : loaded 2 times (x 197B)
Class com.google.common.base.ExtraObjectsMethodsForWeb                                : loaded 2 times (x 69B)
Class com.google.common.base.Equivalence$Identity                                     : loaded 2 times (x 80B)
Class com.google.common.cache.CacheBuilder                                            : loaded 2 times (x 70B)
Class com.google.common.collect.SingletonImmutableList                                : loaded 2 times (x 205B)
Class Settings_gradle$1                                                               : loaded 2 times (x 72B)
Class org.gradle.internal.classpath.ClassPath                                         : loaded 2 times (x 68B)
Class org.gradle.api.UncheckedIOException                                             : loaded 2 times (x 80B)
Class com.google.common.base.JdkPattern                                               : loaded 2 times (x 73B)
Class com.google.common.collect.ImmutableList$ReverseImmutableList                    : loaded 2 times (x 207B)
Class ijKotlinCoroutineJvmDebugInit1_9sv6alppme9gmt0k1rtk5kuhh$_run_closure1          : loaded 2 times (x 137B)
Class org.objectweb.asm.SymbolTable$Entry                                             : loaded 2 times (x 72B)
Class com.google.common.util.concurrent.AbstractFuture$AtomicHelper                   : loaded 2 times (x 76B)
Class org.objectweb.asm.Edge                                                          : loaded 2 times (x 70B)
Class com.google.common.base.Suppliers$SupplierOfInstance                             : loaded 2 times (x 77B)
Class com.google.common.collect.Iterators$1                                           : loaded 2 times (x 79B)
Class com.google.common.cache.LocalCache$ComputingValueReference                      : loaded 2 times (x 94B)
Class com.google.common.collect.SingletonImmutableSet                                 : loaded 2 times (x 144B)
Class com.google.common.collect.ImmutableMap$IteratorBasedImmutableMap                : loaded 2 times (x 124B)
Class com.google.common.cache.LocalCache$Segment                                      : loaded 2 times (x 152B)
Class com.google.common.collect.AbstractListMultimap                                  : loaded 2 times (x 170B)
Class [Lorg.objectweb.asm.SymbolTable$Entry;                                          : loaded 2 times (x 67B)
Class com.google.common.cache.CacheLoader                                             : loaded 2 times (x 72B)
Class com.google.common.collect.Iterators$4                                           : loaded 2 times (x 80B)
Class com.google.common.collect.ImmutableBiMap                                        : loaded 2 times (x 141B)
Class org.gradle.internal.installation.GradleInstallation$1                           : loaded 2 times (x 73B)
Class org.gradle.api.internal.classpath.ModuleRegistry                                : loaded 2 times (x 68B)
Class com.google.common.util.concurrent.internal.InternalFutureFailureAccess          : loaded 2 times (x 70B)
Class com.google.common.collect.Iterators$5                                           : loaded 2 times (x 80B)
Class com.google.common.collect.ImmutableSet$JdkBackedSetBuilderImpl                  : loaded 2 times (x 74B)
Class com.google.common.util.concurrent.AbstractFuture$UnsafeAtomicHelper             : loaded 2 times (x 76B)
Class com.google.common.base.CharMatcher$ForPredicate                                 : loaded 2 times (x 110B)
Class com.google.common.cache.LocalCache$LocalManualCache$1                           : loaded 2 times (x 73B)
Class com.google.common.base.CharMatcher$AnyOf                                        : loaded 2 times (x 110B)
Class com.google.common.collect.ImmutableCollection                                   : loaded 2 times (x 123B)
Class org.gradle.api.internal.classpath.DefaultModuleRegistry                         : loaded 2 times (x 84B)
Class com.google.common.collect.Lists                                                 : loaded 2 times (x 69B)
Class com.google.common.util.concurrent.ListenableFuture                              : loaded 2 times (x 68B)
Class com.google.common.cache.ReferenceEntry                                          : loaded 2 times (x 68B)
Class com.google.common.base.Converter                                                : loaded 2 times (x 88B)
Class com.google.common.collect.ImmutableSet$CachingAsList                            : loaded 2 times (x 146B)
Class com.google.common.collect.AbstractMapBasedMultimap                              : loaded 2 times (x 137B)
Class com.google.common.util.concurrent.AbstractFuture                                : loaded 2 times (x 104B)
Class com.google.common.base.FunctionalEquivalence                                    : loaded 2 times (x 81B)
Class com.google.common.collect.Iterators$9                                           : loaded 2 times (x 79B)
Class com.google.common.collect.ImmutableAsList                                       : loaded 2 times (x 207B)
Class org.objectweb.asm.RecordComponentVisitor                                        : loaded 2 times (x 75B)
Class com.google.common.cache.CacheLoader$SupplierToCacheLoader                       : loaded 2 times (x 73B)
Class com.google.common.collect.Maps$EntryTransformer                                 : loaded 2 times (x 68B)
Class org.gradle.internal.service.ServiceLookupException                              : loaded 2 times (x 80B)
Class [Lcom.google.common.cache.LocalCache$EntryFactory;                              : loaded 2 times (x 67B)
Class org.gradle.internal.classloader.ClassLoaderFactory                              : loaded 2 times (x 68B)
Class com.google.common.base.CommonPattern                                            : loaded 2 times (x 72B)
Class com.google.common.base.CharMatcher$IsNot                                        : loaded 2 times (x 109B)
Class com.google.common.cache.LocalCache$LocalManualCache                             : loaded 2 times (x 97B)
Class org.gradle.internal.service.CachingServiceLocator                               : loaded 2 times (x 80B)
Class com.google.common.collect.AbstractMapBasedMultimap$KeySet                       : loaded 2 times (x 135B)
Class com.google.common.math.IntMath                                                  : loaded 2 times (x 69B)
Class com.google.common.collect.ImmutableMapEntry                                     : loaded 2 times (x 83B)
Class ijJvmDebugger1_dgb1k7ejekh1sld7z8yo85rke$_run_closure1$_closure2                : loaded 2 times (x 138B)
Class com.google.common.base.Equivalence                                              : loaded 2 times (x 80B)
Class com.google.common.base.Function                                                 : loaded 2 times (x 68B)
Class com.google.common.collect.ImmutableMapEntry$NonTerminalImmutableMapEntry        : loaded 2 times (x 83B)
Class com.google.common.collect.IndexedImmutableSet$1                                 : loaded 2 times (x 211B)
Class com.google.common.cache.CacheBuilder$OneWeigher                                 : loaded 2 times (x 80B)
Class com.google.common.collect.RegularImmutableList                                  : loaded 2 times (x 211B)
Class org.gradle.internal.classloader.ClasspathUtil                                   : loaded 2 times (x 69B)
Class com.google.common.base.Charsets                                                 : loaded 2 times (x 69B)
Class com.google.common.util.concurrent.Uninterruptibles                              : loaded 2 times (x 69B)
Class com.google.common.collect.Maps                                                  : loaded 2 times (x 69B)
Class ijJvmDebugger1_dgb1k7ejekh1sld7z8yo85rke                                        : loaded 2 times (x 177B)
Class org.gradle.api.specs.Spec                                                       : loaded 2 times (x 68B)
Class [Lcom.google.common.collect.ImmutableEntry;                                     : loaded 2 times (x 67B)
Class com.google.common.cache.LocalCache$LoadingValueReference                        : loaded 2 times (x 94B)
Class com.google.common.collect.AbstractIndexedListIterator                           : loaded 2 times (x 94B)
Class com.google.common.base.Platform                                                 : loaded 2 times (x 69B)
Class [Lorg.objectweb.asm.AnnotationWriter;                                           : loaded 2 times (x 67B)
Class com.google.common.collect.Maps$8                                                : loaded 2 times (x 80B)
Class com.google.common.collect.Sets$SetView                                          : loaded 2 times (x 136B)
Class com.google.common.cache.LocalCache$StrongValueReference                         : loaded 2 times (x 88B)
Class com.google.common.util.concurrent.AbstractFuture$SynchronizedHelper             : loaded 2 times (x 76B)
Class org.objectweb.asm.Type                                                          : loaded 2 times (x 70B)
Class ijKotlinCoroutineJvmDebugInit1_9sv6alppme9gmt0k1rtk5kuhh                        : loaded 2 times (x 177B)
Class org.gradle.internal.classloader.VisitableURLClassLoader$InstrumentingVisitableURLClassLoader: loaded 2 times (x 121B)
Class org.objectweb.asm.ByteVector                                                    : loaded 2 times (x 77B)
Class [Lcom.google.common.cache.CacheBuilder$NullListener;                            : loaded 2 times (x 67B)
Class com.google.common.math.IntMath$1                                                : loaded 2 times (x 69B)
Class org.gradle.internal.classloader.VisitableURLClassLoader$Spec                    : loaded 2 times (x 72B)
Class org.gradle.internal.classpath.DefaultClassPath                                  : loaded 2 times (x 88B)
Class org.objectweb.asm.Symbol                                                        : loaded 2 times (x 71B)
Class com.google.common.io.Closer                                                     : loaded 2 times (x 76B)
Class com.google.common.base.CharMatcher$Ascii                                        : loaded 2 times (x 110B)
Class com.google.common.base.CharMatcher$BitSetMatcher                                : loaded 2 times (x 110B)
Class com.google.common.collect.ImmutableSet                                          : loaded 2 times (x 143B)
Class com.google.common.collect.RegularImmutableMap$Values                            : loaded 2 times (x 205B)
Class org.gradle.internal.classloader.ClassLoaderSpec                                 : loaded 2 times (x 69B)
Class org.objectweb.asm.AnnotationWriter                                              : loaded 2 times (x 77B)
Class com.google.common.cache.CacheStats                                              : loaded 2 times (x 69B)
Class com.google.common.io.Closer$Suppressor                                          : loaded 2 times (x 68B)
Class org.objectweb.asm.RecordComponentWriter                                         : loaded 2 times (x 76B)
Class com.google.common.util.concurrent.AbstractFuture$Listener                       : loaded 2 times (x 70B)
Class com.google.common.base.CharMatcher$Or                                           : loaded 2 times (x 110B)
Class Settings_gradle$1$1                                                             : loaded 2 times (x 72B)
Class org.objectweb.asm.Attribute                                                     : loaded 2 times (x 75B)
Class com.google.common.base.Supplier                                                 : loaded 2 times (x 68B)
Class org.gradle.internal.classloader.VisitableURLClassLoader                         : loaded 2 times (x 115B)
Class com.google.common.util.concurrent.AbstractFuture$Waiter                         : loaded 2 times (x 70B)
Class Settings_gradle                                                                 : loaded 2 times (x 126B)
Class org.gradle.internal.Cast                                                        : loaded 2 times (x 69B)
Class org.gradle.api.Action                                                           : loaded 2 times (x 68B)
Class com.google.common.base.Strings                                                  : loaded 2 times (x 69B)
Class com.google.common.collect.Sets                                                  : loaded 2 times (x 69B)
Class org.objectweb.asm.Handler                                                       : loaded 2 times (x 70B)
Class com.google.common.base.CharMatcher$FastMatcher                                  : loaded 2 times (x 109B)
Class com.google.common.base.Ticker                                                   : loaded 2 times (x 70B)
Class [Lcom.google.common.cache.LocalCache$Segment;                                   : loaded 2 times (x 67B)
Class com.google.common.base.Predicate                                                : loaded 2 times (x 68B)
Class [Lcom.google.common.cache.LocalCache$Strength;                                  : loaded 2 times (x 67B)
Class com.google.common.cache.CacheBuilder$1                                          : loaded 2 times (x 83B)
Class com.google.common.collect.ImmutableMap                                          : loaded 2 times (x 118B)
Class org.gradle.internal.classpath.DefaultClassPath$ImmutableUniqueList$Builder      : loaded 2 times (x 73B)
Class com.google.common.base.CharMatcher$NegatedFastMatcher                           : loaded 2 times (x 111B)
Class com.google.common.cache.LocalCache                                              : loaded 2 times (x 185B)
Class com.google.common.cache.CacheBuilder$2                                          : loaded 2 times (x 77B)
Class com.google.common.collect.ArrayListMultimap                                     : loaded 2 times (x 170B)
Class com.google.common.cache.CacheBuilder$3                                          : loaded 2 times (x 70B)
Class [Lcom.google.common.collect.AbstractMapEntry;                                   : loaded 2 times (x 67B)
Class com.google.common.collect.ImmutableEntry                                        : loaded 2 times (x 80B)
Class org.gradle.api.GradleException                                                  : loaded 2 times (x 80B)
Class com.google.common.base.Suppliers$MemoizingSupplier                              : loaded 2 times (x 77B)
Class com.google.common.collect.CollectPreconditions                                  : loaded 2 times (x 69B)
Class com.google.common.collect.SortedMapDifference                                   : loaded 2 times (x 68B)
Class com.google.common.cache.LocalCache$EntryFactory                                 : loaded 2 times (x 81B)
Class com.google.common.cache.LocalCache$AbstractReferenceEntry                       : loaded 2 times (x 105B)
Class org.gradle.internal.IoActions                                                   : loaded 2 times (x 69B)
Class org.objectweb.asm.SymbolTable                                                   : loaded 2 times (x 70B)
Class com.google.common.cache.CacheLoader$InvalidCacheLoadException                   : loaded 2 times (x 80B)
Class com.google.common.collect.ImmutableSet$RegularSetBuilderImpl                    : loaded 2 times (x 75B)
Class org.gradle.internal.classloader.SystemClassLoaderSpec                           : loaded 2 times (x 69B)
Class com.google.common.cache.LocalCache$StrongEntry                                  : loaded 2 times (x 106B)
Class com.google.common.util.concurrent.AbstractFuture$TrustedFuture                  : loaded 2 times (x 112B)
Class com.google.common.cache.LoadingCache                                            : loaded 2 times (x 68B)
Class com.google.common.io.ByteStreams$LimitedInputStream                             : loaded 2 times (x 90B)
Class com.google.common.base.Suppliers$NonSerializableMemoizingSupplier               : loaded 2 times (x 77B)
Class org.objectweb.asm.MethodWriter                                                  : loaded 2 times (x 104B)
Class [Lcom.google.common.cache.Weigher;                                              : loaded 2 times (x 67B)
Class com.google.common.collect.RegularImmutableMap$BucketOverflowException           : loaded 2 times (x 80B)
Class com.google.common.collect.RegularImmutableBiMap                                 : loaded 2 times (x 147B)
Class com.google.common.base.CharMatcher$Negated                                      : loaded 2 times (x 111B)
Class com.google.common.base.CharMatcher$Is                                           : loaded 2 times (x 109B)
Class com.google.common.cache.LocalCache$ValueReference                               : loaded 2 times (x 68B)
Class com.google.common.base.PatternCompiler                                          : loaded 2 times (x 68B)
Class com.google.common.util.concurrent.AbstractFuture$Failure                        : loaded 2 times (x 70B)
Class com.google.common.base.Equivalence$Equals                                       : loaded 2 times (x 80B)
Class com.google.common.collect.Hashing                                               : loaded 2 times (x 69B)
Class com.google.common.base.Preconditions                                            : loaded 2 times (x 69B)
Class com.google.common.base.Joiner$1                                                 : loaded 2 times (x 78B)
Class org.objectweb.asm.Label                                                         : loaded 2 times (x 71B)
Class org.objectweb.asm.CurrentFrame                                                  : loaded 2 times (x 71B)
Class org.objectweb.asm.ClassTooLargeException                                        : loaded 2 times (x 81B)
Class com.google.common.base.CharMatcher                                              : loaded 2 times (x 109B)
Class com.google.common.collect.PeekingIterator                                       : loaded 2 times (x 68B)
Class com.google.common.collect.Maps$IteratorBasedAbstractMap                         : loaded 2 times (x 123B)
Class com.google.common.base.Joiner$2                                                 : loaded 2 times (x 77B)
Class org.objectweb.asm.Frame                                                         : loaded 2 times (x 71B)
Class org.objectweb.asm.MethodVisitor                                                 : loaded 2 times (x 103B)
Class com.google.common.base.CharMatcher$1                                            : loaded 2 times (x 111B)
Class com.google.common.base.CharMatcher$NamedFastMatcher                             : loaded 2 times (x 110B)
Class com.google.common.cache.LocalCache$EntryFactory$1                               : loaded 2 times (x 81B)
Class [Lcom.google.common.cache.RemovalListener;                                      : loaded 2 times (x 67B)
Class com.google.common.cache.LocalCache$EntryFactory$2                               : loaded 2 times (x 81B)
Class org.gradle.api.internal.classpath.GlobalCacheRootsProvider                      : loaded 2 times (x 68B)
Class org.objectweb.asm.ModuleWriter                                                  : loaded 2 times (x 80B)
Class com.google.common.cache.LocalCache$EntryFactory$3                               : loaded 2 times (x 81B)
Class com.google.common.base.Ticker$1                                                 : loaded 2 times (x 70B)
Class com.google.common.collect.Maps$BiMapConverter                                   : loaded 2 times (x 88B)
Class com.google.common.collect.ImmutableMapEntrySet$RegularEntrySet                  : loaded 2 times (x 150B)
Class com.google.common.base.CharMatcher$InRange                                      : loaded 2 times (x 109B)
Class com.google.common.cache.LocalCache$EntryFactory$4                               : loaded 2 times (x 81B)
Class com.google.common.collect.ImmutableSet$Builder                                  : loaded 2 times (x 83B)
Class com.google.common.io.ByteStreams$1                                              : loaded 2 times (x 83B)
Class com.google.common.cache.LocalCache$EntryFactory$5                               : loaded 2 times (x 81B)
Class ijJvmDebugger1_dgb1k7ejekh1sld7z8yo85rke$_run_closure1                          : loaded 2 times (x 137B)
Class com.google.common.base.PairwiseEquivalence                                      : loaded 2 times (x 81B)
Class com.google.common.cache.LocalCache$EntryFactory$6                               : loaded 2 times (x 81B)
Class org.gradle.internal.installation.CurrentGradleInstallationLocator               : loaded 2 times (x 69B)
Class com.google.common.collect.Maps$KeySet                                           : loaded 2 times (x 135B)
Class com.google.common.cache.LocalCache$EntryFactory$7                               : loaded 2 times (x 81B)
Class com.google.common.collect.ImmutableSet$EmptySetBuilderImpl                      : loaded 2 times (x 74B)
Class com.google.common.collect.ImmutableList                                         : loaded 2 times (x 204B)
Class org.gradle.internal.service.DefaultServiceLocator                               : loaded 2 times (x 81B)
Class com.google.common.cache.LocalCache$EntryFactory$8                               : loaded 2 times (x 81B)
Class com.google.common.collect.ImmutableSet$SetBuilderImpl                           : loaded 2 times (x 74B)
Class org.gradle.internal.installation.CurrentGradleInstallation                      : loaded 2 times (x 71B)
Class com.google.common.cache.CacheLoader$1                                           : loaded 2 times (x 73B)
Class com.google.common.collect.ForwardingObject                                      : loaded 2 times (x 70B)
Class com.google.common.collect.ImmutableList$SubList                                 : loaded 2 times (x 207B)
Class org.gradle.util.internal.GUtil                                                  : loaded 2 times (x 69B)
Class com.google.common.util.concurrent.AbstractFuture$SetFuture                      : loaded 2 times (x 73B)
Class com.google.common.cache.AbstractCache$StatsCounter                              : loaded 2 times (x 68B)
Class com.google.common.collect.Iterators$MergingIterator                             : loaded 2 times (x 79B)
Class com.google.common.collect.RegularImmutableSet                                   : loaded 2 times (x 147B)
Class org.gradle.internal.installation.GradleInstallation                             : loaded 2 times (x 73B)
Class com.google.common.collect.Iterables                                             : loaded 2 times (x 69B)

---------------  S Y S T E M  ---------------

OS:
 Windows 11 , 64 bit Build 26100 (10.0.26100.8246)
OS uptime: 4 days 14:06 hours

CPU: total 8 (initial active 8) (8 cores per cpu, 2 threads per core) family 23 model 160 stepping 0 microcode 0x8a00006, cx8, cmov, fxsr, ht, mmx, 3dnowpref, sse, sse2, sse3, ssse3, sse4a, sse4.1, sse4.2, popcnt, lzcnt, tsc, tscinvbit, avx, avx2, aes, clmul, bmi1, bmi2, adx, sha, fma, vzeroupper, clflush, clflushopt, rdtscp, rdpid, f16c
Processor Information for the first 8 processors :
  Max Mhz: 2401, Current Mhz: 2401, Mhz Limit: 2401

Memory: 4k page, system-wide physical 5877M (264M free)
TotalPageFile size 24309M (AvailPageFile size 112M)
current process WorkingSet (physical memory assigned to process): 595M, peak: 596M
current process commit charge ("private bytes"): 738M, peak: 900M

vm_info: OpenJDK 64-Bit Server VM (21.0.7+-13880790-b1038.58) for windows-amd64 JRE (21.0.7+-13880790-b1038.58), built on 2025-08-04T20:56:21Z by "builder" with MS VC++ 16.10 / 16.11 (VS2019)

END.
