#
# There is insufficient memory for the Java Runtime Environment to continue.
# Native memory allocation (malloc) failed to allocate 1541952 bytes. Error detail: Chunk::new
# Possible reasons:
#   The system is out of physical RAM or swap space
#   This process is running with CompressedOops enabled, and the Java Heap may be blocking the growth of the native heap
# Possible solutions:
#   Reduce memory load on the system
#   Increase physical memory or swap space
#   Check if swap backing store is full
#   Decrease Java heap size (-Xmx/-Xms)
#   Decrease number of Java threads
#   Decrease Java thread stack sizes (-Xss)
#   Set larger code cache with -XX:ReservedCodeCacheSize=
#   JVM is running with Unscaled Compressed Oops mode in which the Java heap is
#     placed in the first 4GB address space. The Java Heap base address is the
#     maximum limit for the native heap growth. Please use -XX:HeapBaseMinAddress
#     to set the Java Heap base and to place the Java Heap above 4GB virtual address.
# This output file may be truncated or incomplete.
#
#  Out of Memory Error (arena.cpp:168), pid=22712, tid=18988
#
# JRE version: OpenJDK Runtime Environment (21.0.7) (build 21.0.7+-13880790-b1038.58)
# Java VM: OpenJDK 64-Bit Server VM (21.0.7+-13880790-b1038.58, mixed mode, tiered, compressed oops, compressed class ptrs, g1 gc, windows-amd64)
# No core dump will be written. Minidumps are not enabled by default on client versions of Windows
#

---------------  S U M M A R Y ------------

Command Line: --add-opens=java.base/java.lang=ALL-UNNAMED --add-opens=java.base/java.lang.invoke=ALL-UNNAMED --add-opens=java.base/java.util=ALL-UNNAMED --add-opens=java.prefs/java.util.prefs=ALL-UNNAMED --add-exports=jdk.compiler/com.sun.tools.javac.api=ALL-UNNAMED --add-exports=jdk.compiler/com.sun.tools.javac.util=ALL-UNNAMED --add-opens=java.base/java.util=ALL-UNNAMED --add-opens=java.prefs/java.util.prefs=ALL-UNNAMED --add-opens=java.base/java.nio.charset=ALL-UNNAMED --add-opens=java.base/java.net=ALL-UNNAMED --add-opens=java.base/java.util.concurrent.atomic=ALL-UNNAMED --add-opens=java.xml/javax.xml.namespace=ALL-UNNAMED -Xmx2048m -Dfile.encoding=UTF-8 -Duser.country=ID -Duser.language=en -Duser.variant -javaagent:C:\Users\user\.gradle\wrapper\dists\gradle-8.13-bin\5xuhj0ry160q40clulazy9h7d\gradle-8.13\lib\agents\gradle-instrumentation-agent-8.13.jar org.gradle.launcher.daemon.bootstrap.GradleDaemon 8.13

Host: AMD Ryzen 3 7320U with Radeon Graphics         , 8 cores, 5G,  Windows 11 , 64 bit Build 26100 (10.0.26100.8246)
Time: Fri May  8 20:11:58 2026 SE Asia Standard Time elapsed time: 31.918545 seconds (0d 0h 0m 31s)

---------------  T H R E A D  ---------------

Current thread (0x000001d1cd071b80):  JavaThread "C2 CompilerThread0" daemon [_thread_in_native, id=18988, stack(0x000000a86b000000,0x000000a86b100000) (1024K)]


Current CompileTask:
C2:31918 16527 %     4       com.android.tools.r8.internal.gt::a @ 5202 (7028 bytes)

Stack: [0x000000a86b000000,0x000000a86b100000]
Native frames: (J=compiled Java code, j=interpreted, Vv=VM code, C=native code)
V  [jvm.dll+0x6d25c9]
V  [jvm.dll+0x860923]
V  [jvm.dll+0x862e7e]
V  [jvm.dll+0x863563]
V  [jvm.dll+0x27f156]
V  [jvm.dll+0xc002d]
V  [jvm.dll+0xc0563]
V  [jvm.dll+0x3b6d3b]
V  [jvm.dll+0x1de734]
V  [jvm.dll+0x247fc4]
V  [jvm.dll+0x247441]
V  [jvm.dll+0x1c5fb4]
V  [jvm.dll+0x256bac]
V  [jvm.dll+0x2550f6]
V  [jvm.dll+0x3f1d16]
V  [jvm.dll+0x808d08]
V  [jvm.dll+0x6d0e1d]
C  [ucrtbase.dll+0x37b0]
C  [KERNEL32.DLL+0x2e8d7]
C  [ntdll.dll+0x8c3fc]


---------------  P R O C E S S  ---------------

Threads class SMR info:
_java_thread_list=0x000001d1d211a140, length=142, elements={
0x000001d1af486580, 0x000001d1cd03f760, 0x000001d1cd0443d0, 0x000001d1cd041120,
0x000001d1cd082f00, 0x000001d1cd083960, 0x000001d1cd06c990, 0x000001d1cd08bfe0,
0x000001d1cd071b80, 0x000001d1cd0b24b0, 0x000001d1cd3a73b0, 0x000001d1cf49cef0,
0x000001d1cf46dc50, 0x000001d1cf48b3e0, 0x000001d1cd372940, 0x000001d1cf531040,
0x000001d1cf3a7560, 0x000001d1cf307290, 0x000001d1cf69ca10, 0x000001d1cf321c30,
0x000001d1cf324390, 0x000001d1cf324a20, 0x000001d1cf323670, 0x000001d1cf3250b0,
0x000001d1cf3222c0, 0x000001d1cf322950, 0x000001d1cf322fe0, 0x000001d1ce563130,
0x000001d1ce5644e0, 0x000001d1ce562410, 0x000001d1ce563e50, 0x000001d1ce5616f0,
0x000001d1ce565200, 0x000001d1ce561d80, 0x000001d1ce568680, 0x000001d1ce5672d0,
0x000001d1ce565f20, 0x000001d1ce567ff0, 0x000001d1ce565890, 0x000001d1ce566c40,
0x000001d1ce567960, 0x000001d1d1d19460, 0x000001d1d1d17a20, 0x000001d1d1d1a810,
0x000001d1d1d17390, 0x000001d1d1d1b530, 0x000001d1d1d1a180, 0x000001d1d1d180b0,
0x000001d1d1d18dd0, 0x000001d1d1d18740, 0x000001d1d1d1aea0, 0x000001d1d1d1c8e0,
0x000001d1d1d19af0, 0x000001d1d1d1d600, 0x000001d1d1d1dc90, 0x000001d1d1d1e320,
0x000001d1d1d1e9b0, 0x000001d1d1b11500, 0x000001d1d1b142f0, 0x000001d1d1b128b0,
0x000001d1d1b13c60, 0x000001d1d1b12220, 0x000001d1d1b15010, 0x000001d1d1b12f40,
0x000001d1d1b11b90, 0x000001d1d1b156a0, 0x000001d1d1b14980, 0x000001d1d1b15d30,
0x000001d1d1b163c0, 0x000001d1d1b135d0, 0x000001d1d1b18b20, 0x000001d1d1b16a50,
0x000001d1d1b170e0, 0x000001d1ce2cc3f0, 0x000001d1ce2cd7a0, 0x000001d1ce2d3a10,
0x000001d1d942bad0, 0x000001d1d0b908a0, 0x000001d1d0b91c50, 0x000001d1ce2d1fd0,
0x000001d1ce2d2660, 0x000001d1ce2cf1e0, 0x000001d1d1b17770, 0x000001d1d0bc4480,
0x000001d1d0bc7270, 0x000001d1d0bc7900, 0x000001d1d0bc6be0, 0x000001d1d0bc7f90,
0x000001d1d0bc51a0, 0x000001d1d0bc4b10, 0x000001d1d0bc8620, 0x000001d1d0bc5ec0,
0x000001d1d0bc8cb0, 0x000001d1d0bc5830, 0x000001d1d0bc9340, 0x000001d1d0bc6550,
0x000001d1d0bcb410, 0x000001d1d0bcad80, 0x000001d1d0bca6f0, 0x000001d1d0bcbaa0,
0x000001d1d0bc99d0, 0x000001d1d0bca060, 0x000001d1d0b8e7d0, 0x000001d1d0b8fb80,
0x000001d1d0b8ee60, 0x000001d1d0b922e0, 0x000001d1d0b92970, 0x000001d1d0b93000,
0x000001d1d0b93690, 0x000001d1d0b90210, 0x000001d1d0b94a40, 0x000001d1d0b93d20,
0x000001d1d0b943b0, 0x000001d1d0b950d0, 0x000001d1d0b95760, 0x000001d1d0b95df0,
0x000001d1d942d510, 0x000001d1d9430990, 0x000001d1d9431020, 0x000001d1d9431d40,
0x000001d1d9432a60, 0x000001d1d94316b0, 0x000001d1d94323d0, 0x000001d1d94330f0,
0x000001d1dabe7530, 0x000001d1dabeb040, 0x000001d1dabe88e0, 0x000001d1dabe8250,
0x000001d1dabe8f70, 0x000001d1dabe9600, 0x000001d1dabe7bc0, 0x000001d1dabed110,
0x000001d1dabea9b0, 0x000001d1dabeb6d0, 0x000001d1dabec3f0, 0x000001d1dabebd60,
0x000001d1dabea320, 0x000001d1d433be50, 0x000001d1d433c4e0, 0x000001d1d433d200,
0x000001d1d433f960, 0x000001d1d4333480
}

Java Threads: ( => current thread )
  0x000001d1af486580 JavaThread "main"                              [_thread_blocked, id=20304, stack(0x000000a86a100000,0x000000a86a200000) (1024K)]
  0x000001d1cd03f760 JavaThread "Common-Cleaner"             daemon [_thread_blocked, id=5980, stack(0x000000a86a900000,0x000000a86aa00000) (1024K)]
  0x000001d1cd0443d0 JavaThread "Reference Handler"          daemon [_thread_blocked, id=21412, stack(0x000000a86aa00000,0x000000a86ab00000) (1024K)]
  0x000001d1cd041120 JavaThread "Finalizer"                  daemon [_thread_blocked, id=21120, stack(0x000000a86ab00000,0x000000a86ac00000) (1024K)]
  0x000001d1cd082f00 JavaThread "Signal Dispatcher"          daemon [_thread_blocked, id=17360, stack(0x000000a86ac00000,0x000000a86ad00000) (1024K)]
  0x000001d1cd083960 JavaThread "Attach Listener"            daemon [_thread_blocked, id=26568, stack(0x000000a86ad00000,0x000000a86ae00000) (1024K)]
  0x000001d1cd06c990 JavaThread "Service Thread"             daemon [_thread_blocked, id=20584, stack(0x000000a86ae00000,0x000000a86af00000) (1024K)]
  0x000001d1cd08bfe0 JavaThread "Monitor Deflation Thread"   daemon [_thread_blocked, id=6244, stack(0x000000a86af00000,0x000000a86b000000) (1024K)]
=>0x000001d1cd071b80 JavaThread "C2 CompilerThread0"         daemon [_thread_in_native, id=18988, stack(0x000000a86b000000,0x000000a86b100000) (1024K)]
  0x000001d1cd0b24b0 JavaThread "C1 CompilerThread0"         daemon [_thread_blocked, id=9252, stack(0x000000a86b100000,0x000000a86b200000) (1024K)]
  0x000001d1cd3a73b0 JavaThread "Notification Thread"        daemon [_thread_blocked, id=22268, stack(0x000000a86b200000,0x000000a86b300000) (1024K)]
  0x000001d1cf49cef0 JavaThread "Daemon health stats"               [_thread_blocked, id=16268, stack(0x000000a86b800000,0x000000a86b900000) (1024K)]
  0x000001d1cf46dc50 JavaThread "Incoming local TCP Connector on port 51885"        [_thread_in_native, id=15764, stack(0x000000a86b900000,0x000000a86ba00000) (1024K)]
  0x000001d1cf48b3e0 JavaThread "Daemon periodic checks"            [_thread_blocked, id=23120, stack(0x000000a86ba00000,0x000000a86bb00000) (1024K)]
  0x000001d1cd372940 JavaThread "Daemon"                            [_thread_blocked, id=12008, stack(0x000000a86bb00000,0x000000a86bc00000) (1024K)]
  0x000001d1cf531040 JavaThread "Handler for socket connection from /127.0.0.1:51885 to /127.0.0.1:51886"        [_thread_in_native, id=6732, stack(0x000000a86bc00000,0x000000a86bd00000) (1024K)]
  0x000001d1cf3a7560 JavaThread "Cancel handler"                    [_thread_blocked, id=14824, stack(0x000000a86bd00000,0x000000a86be00000) (1024K)]
  0x000001d1cf307290 JavaThread "Daemon worker"                     [_thread_blocked, id=18888, stack(0x000000a86be00000,0x000000a86bf00000) (1024K)]
  0x000001d1cf69ca10 JavaThread "Asynchronous log dispatcher for DefaultDaemonConnection: socket connection from /127.0.0.1:51885 to /127.0.0.1:51886"        [_thread_blocked, id=24184, stack(0x000000a86bf00000,0x000000a86c000000) (1024K)]
  0x000001d1cf321c30 JavaThread "Stdin handler"                     [_thread_blocked, id=26208, stack(0x000000a86c000000,0x000000a86c100000) (1024K)]
  0x000001d1cf324390 JavaThread "Daemon client event forwarder"        [_thread_blocked, id=15384, stack(0x000000a86c100000,0x000000a86c200000) (1024K)]
  0x000001d1cf324a20 JavaThread "Cache worker for journal cache (C:\Users\user\.gradle\caches\journal-1)"        [_thread_blocked, id=9784, stack(0x000000a86c500000,0x000000a86c600000) (1024K)]
  0x000001d1cf323670 JavaThread "File lock request listener"        [_thread_in_native, id=25524, stack(0x000000a86c600000,0x000000a86c700000) (1024K)]
  0x000001d1cf3250b0 JavaThread "Cache worker for file hash cache (C:\Users\user\.gradle\caches\8.13\fileHashes)"        [_thread_blocked, id=20308, stack(0x000000a86c700000,0x000000a86c800000) (1024K)]
  0x000001d1cf3222c0 JavaThread "Cache worker for file hash cache (C:\Users\user\AndroidStudioProjects\MyApplication\.gradle\8.13\fileHashes)"        [_thread_blocked, id=20504, stack(0x000000a86c800000,0x000000a86c900000) (1024K)]
  0x000001d1cf322950 JavaThread "Cache worker for Build Output Cleanup Cache (C:\Users\user\AndroidStudioProjects\MyApplication\.gradle\buildOutputCleanup)"        [_thread_blocked, id=22780, stack(0x000000a86c900000,0x000000a86ca00000) (1024K)]
  0x000001d1cf322fe0 JavaThread "File watcher server"        daemon [_thread_in_native, id=4556, stack(0x000000a86ca00000,0x000000a86cb00000) (1024K)]
  0x000001d1ce563130 JavaThread "File watcher consumer"      daemon [_thread_blocked, id=23992, stack(0x000000a86cb00000,0x000000a86cc00000) (1024K)]
  0x000001d1ce5644e0 JavaThread "jar transforms"                    [_thread_blocked, id=22748, stack(0x000000a86cc00000,0x000000a86cd00000) (1024K)]
  0x000001d1ce562410 JavaThread "jar transforms Thread 2"           [_thread_blocked, id=18408, stack(0x000000a86cd00000,0x000000a86ce00000) (1024K)]
  0x000001d1ce563e50 JavaThread "Cache worker for checksums cache (C:\Users\user\AndroidStudioProjects\MyApplication\.gradle\8.13\checksums)"        [_thread_blocked, id=24216, stack(0x000000a86d000000,0x000000a86d100000) (1024K)]
  0x000001d1ce5616f0 JavaThread "Cache worker for file content cache (C:\Users\user\.gradle\caches\8.13\fileContent)"        [_thread_blocked, id=15068, stack(0x000000a86d100000,0x000000a86d200000) (1024K)]
  0x000001d1ce565200 JavaThread "jar transforms Thread 3"           [_thread_blocked, id=13540, stack(0x000000a86d200000,0x000000a86d300000) (1024K)]
  0x000001d1ce561d80 JavaThread "Cache worker for cache directory md-supplier (C:\Users\user\.gradle\caches\8.13\md-supplier)"        [_thread_blocked, id=22956, stack(0x000000a86d300000,0x000000a86d400000) (1024K)]
  0x000001d1ce568680 JavaThread "Cache worker for cache directory md-rule (C:\Users\user\.gradle\caches\8.13\md-rule)"        [_thread_blocked, id=20412, stack(0x000000a86d400000,0x000000a86d500000) (1024K)]
  0x000001d1ce5672d0 JavaThread "Unconstrained build operations"        [_thread_blocked, id=12576, stack(0x000000a86d500000,0x000000a86d600000) (1024K)]
  0x000001d1ce565f20 JavaThread "Unconstrained build operations Thread 2"        [_thread_blocked, id=26388, stack(0x000000a86d600000,0x000000a86d700000) (1024K)]
  0x000001d1ce567ff0 JavaThread "Unconstrained build operations Thread 3"        [_thread_blocked, id=8044, stack(0x000000a86d700000,0x000000a86d800000) (1024K)]
  0x000001d1ce565890 JavaThread "Unconstrained build operations Thread 4"        [_thread_blocked, id=19104, stack(0x000000a86d800000,0x000000a86d900000) (1024K)]
  0x000001d1ce566c40 JavaThread "Unconstrained build operations Thread 5"        [_thread_blocked, id=5228, stack(0x000000a86d900000,0x000000a86da00000) (1024K)]
  0x000001d1ce567960 JavaThread "Unconstrained build operations Thread 6"        [_thread_blocked, id=23052, stack(0x000000a86da00000,0x000000a86db00000) (1024K)]
  0x000001d1d1d19460 JavaThread "Unconstrained build operations Thread 7"        [_thread_blocked, id=24996, stack(0x000000a86db00000,0x000000a86dc00000) (1024K)]
  0x000001d1d1d17a20 JavaThread "Unconstrained build operations Thread 8"        [_thread_blocked, id=27012, stack(0x000000a86dc00000,0x000000a86dd00000) (1024K)]
  0x000001d1d1d1a810 JavaThread "jar transforms Thread 4"           [_thread_blocked, id=11668, stack(0x000000a86dd00000,0x000000a86de00000) (1024K)]
  0x000001d1d1d17390 JavaThread "jar transforms Thread 5"           [_thread_blocked, id=26220, stack(0x000000a86de00000,0x000000a86df00000) (1024K)]
  0x000001d1d1d1b530 JavaThread "Unconstrained build operations Thread 9"        [_thread_blocked, id=27244, stack(0x000000a86df00000,0x000000a86e000000) (1024K)]
  0x000001d1d1d1a180 JavaThread "Unconstrained build operations Thread 10"        [_thread_blocked, id=24024, stack(0x000000a86e000000,0x000000a86e100000) (1024K)]
  0x000001d1d1d180b0 JavaThread "Unconstrained build operations Thread 11"        [_thread_blocked, id=3200, stack(0x000000a86e100000,0x000000a86e200000) (1024K)]
  0x000001d1d1d18dd0 JavaThread "Unconstrained build operations Thread 12"        [_thread_blocked, id=20140, stack(0x000000a86e200000,0x000000a86e300000) (1024K)]
  0x000001d1d1d18740 JavaThread "jar transforms Thread 6"           [_thread_blocked, id=3412, stack(0x000000a86e300000,0x000000a86e400000) (1024K)]
  0x000001d1d1d1aea0 JavaThread "jar transforms Thread 7"           [_thread_blocked, id=8160, stack(0x000000a86e400000,0x000000a86e500000) (1024K)]
  0x000001d1d1d1c8e0 JavaThread "jar transforms Thread 8"           [_thread_blocked, id=3600, stack(0x000000a86e500000,0x000000a86e600000) (1024K)]
  0x000001d1d1d19af0 JavaThread "Unconstrained build operations Thread 13"        [_thread_blocked, id=4076, stack(0x000000a86cf00000,0x000000a86d000000) (1024K)]
  0x000001d1d1d1d600 JavaThread "Unconstrained build operations Thread 14"        [_thread_blocked, id=11388, stack(0x000000a86e600000,0x000000a86e700000) (1024K)]
  0x000001d1d1d1dc90 JavaThread "Unconstrained build operations Thread 15"        [_thread_blocked, id=5252, stack(0x000000a86e700000,0x000000a86e800000) (1024K)]
  0x000001d1d1d1e320 JavaThread "Unconstrained build operations Thread 16"        [_thread_blocked, id=9096, stack(0x000000a86e800000,0x000000a86e900000) (1024K)]
  0x000001d1d1d1e9b0 JavaThread "Unconstrained build operations Thread 17"        [_thread_blocked, id=9884, stack(0x000000a86e900000,0x000000a86ea00000) (1024K)]
  0x000001d1d1b11500 JavaThread "Unconstrained build operations Thread 18"        [_thread_blocked, id=20996, stack(0x000000a86ea00000,0x000000a86eb00000) (1024K)]
  0x000001d1d1b142f0 JavaThread "Unconstrained build operations Thread 19"        [_thread_blocked, id=20596, stack(0x000000a86eb00000,0x000000a86ec00000) (1024K)]
  0x000001d1d1b128b0 JavaThread "Unconstrained build operations Thread 20"        [_thread_blocked, id=25896, stack(0x000000a86ec00000,0x000000a86ed00000) (1024K)]
  0x000001d1d1b13c60 JavaThread "Unconstrained build operations Thread 21"        [_thread_blocked, id=22736, stack(0x000000a86ed00000,0x000000a86ee00000) (1024K)]
  0x000001d1d1b12220 JavaThread "Unconstrained build operations Thread 22"        [_thread_blocked, id=11028, stack(0x000000a86ee00000,0x000000a86ef00000) (1024K)]
  0x000001d1d1b15010 JavaThread "Unconstrained build operations Thread 23"        [_thread_blocked, id=6420, stack(0x000000a86ef00000,0x000000a86f000000) (1024K)]
  0x000001d1d1b12f40 JavaThread "Unconstrained build operations Thread 24"        [_thread_blocked, id=20696, stack(0x000000a86f000000,0x000000a86f100000) (1024K)]
  0x000001d1d1b11b90 JavaThread "Unconstrained build operations Thread 25"        [_thread_blocked, id=19140, stack(0x000000a86f100000,0x000000a86f200000) (1024K)]
  0x000001d1d1b156a0 JavaThread "Unconstrained build operations Thread 26"        [_thread_blocked, id=2924, stack(0x000000a86f200000,0x000000a86f300000) (1024K)]
  0x000001d1d1b14980 JavaThread "Unconstrained build operations Thread 27"        [_thread_blocked, id=336, stack(0x000000a86f300000,0x000000a86f400000) (1024K)]
  0x000001d1d1b15d30 JavaThread "Unconstrained build operations Thread 28"        [_thread_blocked, id=15928, stack(0x000000a86f400000,0x000000a86f500000) (1024K)]
  0x000001d1d1b163c0 JavaThread "Unconstrained build operations Thread 29"        [_thread_blocked, id=17732, stack(0x000000a86f500000,0x000000a86f600000) (1024K)]
  0x000001d1d1b135d0 JavaThread "Unconstrained build operations Thread 30"        [_thread_blocked, id=23608, stack(0x000000a86f600000,0x000000a86f700000) (1024K)]
  0x000001d1d1b18b20 JavaThread "Unconstrained build operations Thread 31"        [_thread_blocked, id=17940, stack(0x000000a86f700000,0x000000a86f800000) (1024K)]
  0x000001d1d1b16a50 JavaThread "Unconstrained build operations Thread 32"        [_thread_blocked, id=15508, stack(0x000000a86f800000,0x000000a86f900000) (1024K)]
  0x000001d1d1b170e0 JavaThread "Unconstrained build operations Thread 33"        [_thread_blocked, id=27304, stack(0x000000a86f900000,0x000000a86fa00000) (1024K)]
  0x000001d1ce2cc3f0 JavaThread "build event listener"              [_thread_blocked, id=1568, stack(0x000000a86fa00000,0x000000a86fb00000) (1024K)]
  0x000001d1ce2cd7a0 JavaThread "Memory manager"                    [_thread_blocked, id=23196, stack(0x000000a86fb00000,0x000000a86fc00000) (1024K)]
  0x000001d1ce2d3a10 JavaThread "build event listener"              [_thread_blocked, id=3996, stack(0x000000a86fd00000,0x000000a86fe00000) (1024K)]
  0x000001d1d942bad0 JavaThread "Problems report writer"            [_thread_blocked, id=2356, stack(0x000000a86fe00000,0x000000a86ff00000) (1024K)]
  0x000001d1d0b908a0 JavaThread "pool-3-thread-1"                   [_thread_blocked, id=24768, stack(0x000000a86fc00000,0x000000a86fd00000) (1024K)]
  0x000001d1d0b91c50 JavaThread "build event listener"              [_thread_blocked, id=24604, stack(0x000000a86ff00000,0x000000a870000000) (1024K)]
  0x000001d1ce2d1fd0 JavaThread "included builds"                   [_thread_blocked, id=3840, stack(0x000000a870000000,0x000000a870100000) (1024K)]
  0x000001d1ce2d2660 JavaThread "Execution worker"                  [_thread_blocked, id=20148, stack(0x000000a870100000,0x000000a870200000) (1024K)]
  0x000001d1ce2cf1e0 JavaThread "Execution worker Thread 2"         [_thread_blocked, id=19412, stack(0x000000a870200000,0x000000a870300000) (1024K)]
  0x000001d1d1b17770 JavaThread "Execution worker Thread 3"         [_thread_blocked, id=11708, stack(0x000000a870300000,0x000000a870400000) (1024K)]
  0x000001d1d0bc4480 JavaThread "Execution worker Thread 4"         [_thread_blocked, id=24512, stack(0x000000a870400000,0x000000a870500000) (1024K)]
  0x000001d1d0bc7270 JavaThread "Execution worker Thread 5"         [_thread_blocked, id=2584, stack(0x000000a870500000,0x000000a870600000) (1024K)]
  0x000001d1d0bc7900 JavaThread "Execution worker Thread 6"         [_thread_blocked, id=19776, stack(0x000000a870600000,0x000000a870700000) (1024K)]
  0x000001d1d0bc6be0 JavaThread "Execution worker Thread 7"         [_thread_blocked, id=23460, stack(0x000000a870700000,0x000000a870800000) (1024K)]
  0x000001d1d0bc7f90 JavaThread "Cache worker for execution history cache (C:\Users\user\AndroidStudioProjects\MyApplication\.gradle\8.13\executionHistory)"        [_thread_blocked, id=24936, stack(0x000000a870800000,0x000000a870900000) (1024K)]
  0x000001d1d0bc51a0 JavaThread "Unconstrained build operations Thread 34"        [_thread_blocked, id=25748, stack(0x000000a870900000,0x000000a870a00000) (1024K)]
  0x000001d1d0bc4b10 JavaThread "Unconstrained build operations Thread 35"        [_thread_blocked, id=25168, stack(0x000000a870a00000,0x000000a870b00000) (1024K)]
  0x000001d1d0bc8620 JavaThread "Unconstrained build operations Thread 36"        [_thread_blocked, id=18984, stack(0x000000a870b00000,0x000000a870c00000) (1024K)]
  0x000001d1d0bc5ec0 JavaThread "Unconstrained build operations Thread 37"        [_thread_blocked, id=24364, stack(0x000000a870c00000,0x000000a870d00000) (1024K)]
  0x000001d1d0bc8cb0 JavaThread "Unconstrained build operations Thread 38"        [_thread_blocked, id=9592, stack(0x000000a870d00000,0x000000a870e00000) (1024K)]
  0x000001d1d0bc5830 JavaThread "Unconstrained build operations Thread 39"        [_thread_blocked, id=13332, stack(0x000000a870e00000,0x000000a870f00000) (1024K)]
  0x000001d1d0bc9340 JavaThread "Unconstrained build operations Thread 40"        [_thread_blocked, id=9048, stack(0x000000a870f00000,0x000000a871000000) (1024K)]
  0x000001d1d0bc6550 JavaThread "Unconstrained build operations Thread 41"        [_thread_blocked, id=17544, stack(0x000000a871000000,0x000000a871100000) (1024K)]
  0x000001d1d0bcb410 JavaThread "Unconstrained build operations Thread 42"        [_thread_blocked, id=25080, stack(0x000000a871100000,0x000000a871200000) (1024K)]
  0x000001d1d0bcad80 JavaThread "Unconstrained build operations Thread 43"        [_thread_blocked, id=10352, stack(0x000000a871200000,0x000000a871300000) (1024K)]
  0x000001d1d0bca6f0 JavaThread "Unconstrained build operations Thread 44"        [_thread_blocked, id=25288, stack(0x000000a871300000,0x000000a871400000) (1024K)]
  0x000001d1d0bcbaa0 JavaThread "Unconstrained build operations Thread 45"        [_thread_blocked, id=21964, stack(0x000000a871400000,0x000000a871500000) (1024K)]
  0x000001d1d0bc99d0 JavaThread "Unconstrained build operations Thread 46"        [_thread_blocked, id=22816, stack(0x000000a871500000,0x000000a871600000) (1024K)]
  0x000001d1d0bca060 JavaThread "Unconstrained build operations Thread 47"        [_thread_blocked, id=24144, stack(0x000000a871600000,0x000000a871700000) (1024K)]
  0x000001d1d0b8e7d0 JavaThread "Unconstrained build operations Thread 48"        [_thread_blocked, id=20436, stack(0x000000a871700000,0x000000a871800000) (1024K)]
  0x000001d1d0b8fb80 JavaThread "Unconstrained build operations Thread 49"        [_thread_blocked, id=4828, stack(0x000000a871800000,0x000000a871900000) (1024K)]
  0x000001d1d0b8ee60 JavaThread "Unconstrained build operations Thread 50"        [_thread_blocked, id=22432, stack(0x000000a871900000,0x000000a871a00000) (1024K)]
  0x000001d1d0b922e0 JavaThread "Unconstrained build operations Thread 51"        [_thread_blocked, id=21292, stack(0x000000a871a00000,0x000000a871b00000) (1024K)]
  0x000001d1d0b92970 JavaThread "Unconstrained build operations Thread 52"        [_thread_blocked, id=18012, stack(0x000000a871b00000,0x000000a871c00000) (1024K)]
  0x000001d1d0b93000 JavaThread "Unconstrained build operations Thread 53"        [_thread_blocked, id=26508, stack(0x000000a871c00000,0x000000a871d00000) (1024K)]
  0x000001d1d0b93690 JavaThread "Unconstrained build operations Thread 54"        [_thread_blocked, id=20300, stack(0x000000a871d00000,0x000000a871e00000) (1024K)]
  0x000001d1d0b90210 JavaThread "Unconstrained build operations Thread 55"        [_thread_blocked, id=9796, stack(0x000000a871e00000,0x000000a871f00000) (1024K)]
  0x000001d1d0b94a40 JavaThread "Unconstrained build operations Thread 56"        [_thread_blocked, id=22488, stack(0x000000a871f00000,0x000000a872000000) (1024K)]
  0x000001d1d0b93d20 JavaThread "Unconstrained build operations Thread 57"        [_thread_blocked, id=9272, stack(0x000000a872000000,0x000000a872100000) (1024K)]
  0x000001d1d0b943b0 JavaThread "Unconstrained build operations Thread 58"        [_thread_blocked, id=21072, stack(0x000000a872100000,0x000000a872200000) (1024K)]
  0x000001d1d0b950d0 JavaThread "Unconstrained build operations Thread 59"        [_thread_blocked, id=17568, stack(0x000000a872200000,0x000000a872300000) (1024K)]
  0x000001d1d0b95760 JavaThread "Unconstrained build operations Thread 60"        [_thread_blocked, id=10780, stack(0x000000a872300000,0x000000a872400000) (1024K)]
  0x000001d1d0b95df0 JavaThread "Unconstrained build operations Thread 61"        [_thread_blocked, id=12264, stack(0x000000a872400000,0x000000a872500000) (1024K)]
  0x000001d1d942d510 JavaThread "Unconstrained build operations Thread 62"        [_thread_blocked, id=9964, stack(0x000000a872500000,0x000000a872600000) (1024K)]
  0x000001d1d9430990 JavaThread "Unconstrained build operations Thread 63"        [_thread_blocked, id=12360, stack(0x000000a872600000,0x000000a872700000) (1024K)]
  0x000001d1d9431020 JavaThread "Unconstrained build operations Thread 64"        [_thread_blocked, id=10832, stack(0x000000a872700000,0x000000a872800000) (1024K)]
  0x000001d1d9431d40 JavaThread "Unconstrained build operations Thread 65"        [_thread_blocked, id=18820, stack(0x000000a872800000,0x000000a872900000) (1024K)]
  0x000001d1d9432a60 JavaThread "Unconstrained build operations Thread 66"        [_thread_blocked, id=14248, stack(0x000000a872900000,0x000000a872a00000) (1024K)]
  0x000001d1d94316b0 JavaThread "Unconstrained build operations Thread 67"        [_thread_blocked, id=14796, stack(0x000000a872a00000,0x000000a872b00000) (1024K)]
  0x000001d1d94323d0 JavaThread "Unconstrained build operations Thread 68"        [_thread_blocked, id=11000, stack(0x000000a872b00000,0x000000a872c00000) (1024K)]
  0x000001d1d94330f0 JavaThread "Unconstrained build operations Thread 69"        [_thread_blocked, id=7976, stack(0x000000a872c00000,0x000000a872d00000) (1024K)]
  0x000001d1dabe7530 JavaThread "WorkerExecutor Queue"              [_thread_blocked, id=6504, stack(0x000000a872d00000,0x000000a872e00000) (1024K)]
  0x000001d1dabeb040 JavaThread "Unconstrained build operations Thread 70"        [_thread_blocked, id=26184, stack(0x000000a872e00000,0x000000a872f00000) (1024K)]
  0x000001d1dabe88e0 JavaThread "Unconstrained build operations Thread 71"        [_thread_blocked, id=9440, stack(0x000000a872f00000,0x000000a873000000) (1024K)]
  0x000001d1dabe8250 JavaThread "Unconstrained build operations Thread 72"        [_thread_blocked, id=25348, stack(0x000000a873000000,0x000000a873100000) (1024K)]
  0x000001d1dabe8f70 JavaThread "Unconstrained build operations Thread 73"        [_thread_blocked, id=11228, stack(0x000000a873100000,0x000000a873200000) (1024K)]
  0x000001d1dabe9600 JavaThread "Unconstrained build operations Thread 74"        [_thread_blocked, id=25500, stack(0x000000a873200000,0x000000a873300000) (1024K)]
  0x000001d1dabe7bc0 JavaThread "Unconstrained build operations Thread 75"        [_thread_blocked, id=1028, stack(0x000000a873300000,0x000000a873400000) (1024K)]
  0x000001d1dabed110 JavaThread "Unconstrained build operations Thread 76"        [_thread_blocked, id=10456, stack(0x000000a873400000,0x000000a873500000) (1024K)]
  0x000001d1dabea9b0 JavaThread "Unconstrained build operations Thread 77"        [_thread_blocked, id=14480, stack(0x000000a873500000,0x000000a873600000) (1024K)]
  0x000001d1dabeb6d0 JavaThread "Unconstrained build operations Thread 78"        [_thread_blocked, id=3924, stack(0x000000a873600000,0x000000a873700000) (1024K)]
  0x000001d1dabec3f0 JavaThread "Unconstrained build operations Thread 79"        [_thread_blocked, id=7216, stack(0x000000a873700000,0x000000a873800000) (1024K)]
  0x000001d1dabebd60 JavaThread "Unconstrained build operations Thread 80"        [_thread_blocked, id=20896, stack(0x000000a873800000,0x000000a873900000) (1024K)]
  0x000001d1dabea320 JavaThread "pool-4-thread-1"                   [_thread_blocked, id=25276, stack(0x000000a873900000,0x000000a873a00000) (1024K)]
  0x000001d1d433be50 JavaThread "stderr"                            [_thread_in_native, id=7524, stack(0x000000a86ce00000,0x000000a86cf00000) (1024K)]
  0x000001d1d433c4e0 JavaThread "stdout"                            [_thread_in_native, id=20400, stack(0x000000a873a00000,0x000000a873b00000) (1024K)]
  0x000001d1d433d200 JavaThread "stderr"                            [_thread_in_native, id=15104, stack(0x000000a873b00000,0x000000a873c00000) (1024K)]
  0x000001d1d433f960 JavaThread "stdout"                            [_thread_in_native, id=8724, stack(0x000000a873c00000,0x000000a873d00000) (1024K)]
  0x000001d1d4333480 JavaThread "WorkerExecutor Queue Thread 2"        [_thread_blocked, id=15904, stack(0x000000a873e00000,0x000000a873f00000) (1024K)]
Total: 142

Other Threads:
  0x000001d1c8e7a960 VMThread "VM Thread"                           [id=23536, stack(0x000000a86a800000,0x000000a86a900000) (1024K)]
  0x000001d1c8e200e0 WatcherThread "VM Periodic Task Thread"        [id=24464, stack(0x000000a86a700000,0x000000a86a800000) (1024K)]
  0x000001d1af54e020 WorkerThread "GC Thread#0"                     [id=6336, stack(0x000000a86a200000,0x000000a86a300000) (1024K)]
  0x000001d1cd6a81f0 WorkerThread "GC Thread#1"                     [id=25484, stack(0x000000a86b400000,0x000000a86b500000) (1024K)]
  0x000001d1cd845aa0 WorkerThread "GC Thread#2"                     [id=13548, stack(0x000000a86b500000,0x000000a86b600000) (1024K)]
  0x000001d1cdfb0b30 WorkerThread "GC Thread#3"                     [id=10856, stack(0x000000a86b600000,0x000000a86b700000) (1024K)]
  0x000001d1ce1e40e0 WorkerThread "GC Thread#4"                     [id=3968, stack(0x000000a86b700000,0x000000a86b800000) (1024K)]
  0x000001d1ce445740 WorkerThread "GC Thread#5"                     [id=20720, stack(0x000000a86b300000,0x000000a86b400000) (1024K)]
  0x000001d1cf565a60 WorkerThread "GC Thread#6"                     [id=4544, stack(0x000000a86c200000,0x000000a86c300000) (1024K)]
  0x000001d1cf5661a0 WorkerThread "GC Thread#7"                     [id=14556, stack(0x000000a86c300000,0x000000a86c400000) (1024K)]
  0x000001d1b1826030 ConcurrentGCThread "G1 Main Marker"            [id=16340, stack(0x000000a86a300000,0x000000a86a400000) (1024K)]
  0x000001d1b1826a40 WorkerThread "G1 Conc#0"                       [id=21828, stack(0x000000a86a400000,0x000000a86a500000) (1024K)]
  0x000001d1cf564f80 WorkerThread "G1 Conc#1"                       [id=8528, stack(0x000000a86c400000,0x000000a86c500000) (1024K)]
  0x000001d1c8cf2560 ConcurrentGCThread "G1 Refine#0"               [id=24488, stack(0x000000a86a500000,0x000000a86a600000) (1024K)]
  0x000001d1c8cf2e80 ConcurrentGCThread "G1 Service"                [id=20236, stack(0x000000a86a600000,0x000000a86a700000) (1024K)]
Total: 15

Threads with active compile tasks:
C2 CompilerThread0  31982 16527 %     4       com.android.tools.r8.internal.gt::a @ 5202 (7028 bytes)
C1 CompilerThread0  31982 19214 %     3       com.android.tools.r8.internal.xc0::b @ 365 (3604 bytes)
Total: 2

VM state: at safepoint (normal execution)

VM Mutex/Monitor currently owned by a thread:  ([mutex/lock_event])
[0x00007ffc7fd31468] Threads_lock - owner thread: 0x000001d1c8e7a960
[0x00007ffc7fd31568] Heap_lock - owner thread: 0x000001d1d0bc7900

Heap address: 0x0000000080000000, size: 2048 MB, Compressed Oops mode: 32-bit

CDS archive(s) not mapped
Compressed class space mapped at: 0x0000000100000000-0x0000000140000000, reserved size: 1073741824
Narrow klass base: 0x0000000000000000, Narrow klass shift: 3, Narrow klass range: 0x140000000

GC Precious Log:
 CardTable entry size: 512
 Card Set container configuration: InlinePtr #cards 5 size 8 Array Of Cards #cards 12 size 40 Howl #buckets 4 coarsen threshold 1843 Howl Bitmap #cards 512 size 80 coarsen threshold 460 Card regions per heap region 1 cards per card region 2048
 CPUs: 8 total, 8 available
 Memory: 5877M
 Large Page Support: Disabled
 NUMA Support: Disabled
 Compressed Oops: Enabled (32-bit)
 Heap Region Size: 1M
 Heap Min Capacity: 8M
 Heap Initial Capacity: 92M
 Heap Max Capacity: 2G
 Pre-touch: Disabled
 Parallel Workers: 8
 Concurrent Workers: 2
 Concurrent Refinement Workers: 8
 Periodic GC: Disabled

Heap:
 garbage-first heap   total 345088K, used 311589K [0x0000000080000000, 0x0000000100000000)
  region size 1024K, 109 young (111616K), 6 survivors (6144K)
 Metaspace       used 143624K, committed 145920K, reserved 1179648K
  class space    used 19793K, committed 20928K, reserved 1048576K

Heap Regions: E=young(eden), S=young(survivor), O=old, HS=humongous(starts), HC=humongous(continues), CS=collection set, F=free, TAMS=top-at-mark-start, PB=parsable bottom
|   0|0x0000000080000000, 0x0000000080100000, 0x0000000080100000|100%|HS|  |TAMS 0x0000000080000000| PB 0x0000000080000000| Complete 
|   1|0x0000000080100000, 0x0000000080200000, 0x0000000080200000|100%|HC|  |TAMS 0x0000000080100000| PB 0x0000000080100000| Complete 
|   2|0x0000000080200000, 0x0000000080300000, 0x0000000080300000|100%|HC|  |TAMS 0x0000000080200000| PB 0x0000000080200000| Complete 
|   3|0x0000000080300000, 0x0000000080400000, 0x0000000080400000|100%| O|  |TAMS 0x0000000080300000| PB 0x0000000080300000| Untracked 
|   4|0x0000000080400000, 0x0000000080500000, 0x0000000080500000|100%| O|  |TAMS 0x0000000080400000| PB 0x0000000080400000| Untracked 
|   5|0x0000000080500000, 0x0000000080600000, 0x0000000080600000|100%| O|  |TAMS 0x0000000080500000| PB 0x0000000080500000| Untracked 
|   6|0x0000000080600000, 0x0000000080700000, 0x0000000080700000|100%|HS|  |TAMS 0x0000000080600000| PB 0x0000000080600000| Complete 
|   7|0x0000000080700000, 0x0000000080800000, 0x0000000080800000|100%| O|  |TAMS 0x0000000080700000| PB 0x0000000080700000| Untracked 
|   8|0x0000000080800000, 0x0000000080900000, 0x0000000080900000|100%| O|  |TAMS 0x0000000080800000| PB 0x0000000080800000| Untracked 
|   9|0x0000000080900000, 0x0000000080a00000, 0x0000000080a00000|100%| O|  |TAMS 0x0000000080900000| PB 0x0000000080900000| Untracked 
|  10|0x0000000080a00000, 0x0000000080b00000, 0x0000000080b00000|100%| O|  |TAMS 0x0000000080a00000| PB 0x0000000080a00000| Untracked 
|  11|0x0000000080b00000, 0x0000000080c00000, 0x0000000080c00000|100%| O|  |TAMS 0x0000000080b00000| PB 0x0000000080b00000| Untracked 
|  12|0x0000000080c00000, 0x0000000080d00000, 0x0000000080d00000|100%| O|  |TAMS 0x0000000080c00000| PB 0x0000000080c00000| Untracked 
|  13|0x0000000080d00000, 0x0000000080e00000, 0x0000000080e00000|100%| O|  |TAMS 0x0000000080d00000| PB 0x0000000080d00000| Untracked 
|  14|0x0000000080e00000, 0x0000000080f00000, 0x0000000080f00000|100%| O|  |TAMS 0x0000000080e00000| PB 0x0000000080e00000| Untracked 
|  15|0x0000000080f00000, 0x0000000081000000, 0x0000000081000000|100%| O|  |TAMS 0x0000000080f00000| PB 0x0000000080f00000| Untracked 
|  16|0x0000000081000000, 0x0000000081100000, 0x0000000081100000|100%| O|  |TAMS 0x0000000081000000| PB 0x0000000081000000| Untracked 
|  17|0x0000000081100000, 0x0000000081200000, 0x0000000081200000|100%| O|  |TAMS 0x0000000081100000| PB 0x0000000081100000| Untracked 
|  18|0x0000000081200000, 0x0000000081300000, 0x0000000081300000|100%| O|  |TAMS 0x0000000081200000| PB 0x0000000081200000| Untracked 
|  19|0x0000000081300000, 0x0000000081400000, 0x0000000081400000|100%| O|  |TAMS 0x0000000081300000| PB 0x0000000081300000| Untracked 
|  20|0x0000000081400000, 0x0000000081500000, 0x0000000081500000|100%| O|  |TAMS 0x0000000081400000| PB 0x0000000081400000| Untracked 
|  21|0x0000000081500000, 0x0000000081600000, 0x0000000081600000|100%| O|  |TAMS 0x0000000081500000| PB 0x0000000081500000| Untracked 
|  22|0x0000000081600000, 0x0000000081700000, 0x0000000081700000|100%| O|  |TAMS 0x0000000081600000| PB 0x0000000081600000| Untracked 
|  23|0x0000000081700000, 0x0000000081800000, 0x0000000081800000|100%| O|  |TAMS 0x0000000081700000| PB 0x0000000081700000| Untracked 
|  24|0x0000000081800000, 0x0000000081900000, 0x0000000081900000|100%| O|  |TAMS 0x0000000081800000| PB 0x0000000081800000| Untracked 
|  25|0x0000000081900000, 0x0000000081a00000, 0x0000000081a00000|100%| O|  |TAMS 0x0000000081900000| PB 0x0000000081900000| Untracked 
|  26|0x0000000081a00000, 0x0000000081b00000, 0x0000000081b00000|100%| O|  |TAMS 0x0000000081a00000| PB 0x0000000081a00000| Untracked 
|  27|0x0000000081b00000, 0x0000000081c00000, 0x0000000081c00000|100%| O|  |TAMS 0x0000000081b00000| PB 0x0000000081b00000| Untracked 
|  28|0x0000000081c00000, 0x0000000081d00000, 0x0000000081d00000|100%| O|  |TAMS 0x0000000081c00000| PB 0x0000000081c00000| Untracked 
|  29|0x0000000081d00000, 0x0000000081e00000, 0x0000000081e00000|100%| O|  |TAMS 0x0000000081d00000| PB 0x0000000081d00000| Untracked 
|  30|0x0000000081e00000, 0x0000000081f00000, 0x0000000081f00000|100%| O|  |TAMS 0x0000000081e00000| PB 0x0000000081e00000| Untracked 
|  31|0x0000000081f00000, 0x0000000082000000, 0x0000000082000000|100%| O|  |TAMS 0x0000000081f00000| PB 0x0000000081f00000| Untracked 
|  32|0x0000000082000000, 0x0000000082100000, 0x0000000082100000|100%| O|  |TAMS 0x0000000082000000| PB 0x0000000082000000| Untracked 
|  33|0x0000000082100000, 0x0000000082200000, 0x0000000082200000|100%| O|  |TAMS 0x0000000082100000| PB 0x0000000082100000| Untracked 
|  34|0x0000000082200000, 0x0000000082300000, 0x0000000082300000|100%| O|  |TAMS 0x0000000082200000| PB 0x0000000082200000| Untracked 
|  35|0x0000000082300000, 0x0000000082400000, 0x0000000082400000|100%| O|  |TAMS 0x0000000082300000| PB 0x0000000082300000| Untracked 
|  36|0x0000000082400000, 0x0000000082500000, 0x0000000082500000|100%| O|  |TAMS 0x0000000082400000| PB 0x0000000082400000| Untracked 
|  37|0x0000000082500000, 0x0000000082600000, 0x0000000082600000|100%| O|  |TAMS 0x0000000082500000| PB 0x0000000082500000| Untracked 
|  38|0x0000000082600000, 0x0000000082700000, 0x0000000082700000|100%| O|  |TAMS 0x0000000082600000| PB 0x0000000082600000| Untracked 
|  39|0x0000000082700000, 0x0000000082800000, 0x0000000082800000|100%| O|  |TAMS 0x0000000082700000| PB 0x0000000082700000| Untracked 
|  40|0x0000000082800000, 0x0000000082900000, 0x0000000082900000|100%| O|  |TAMS 0x0000000082800000| PB 0x0000000082800000| Untracked 
|  41|0x0000000082900000, 0x0000000082a00000, 0x0000000082a00000|100%| O|  |TAMS 0x0000000082900000| PB 0x0000000082900000| Untracked 
|  42|0x0000000082a00000, 0x0000000082b00000, 0x0000000082b00000|100%| O|  |TAMS 0x0000000082a00000| PB 0x0000000082a00000| Untracked 
|  43|0x0000000082b00000, 0x0000000082c00000, 0x0000000082c00000|100%| O|  |TAMS 0x0000000082b00000| PB 0x0000000082b00000| Untracked 
|  44|0x0000000082c00000, 0x0000000082d00000, 0x0000000082d00000|100%| O|  |TAMS 0x0000000082c00000| PB 0x0000000082c00000| Untracked 
|  45|0x0000000082d00000, 0x0000000082e00000, 0x0000000082e00000|100%| O|  |TAMS 0x0000000082d00000| PB 0x0000000082d00000| Untracked 
|  46|0x0000000082e00000, 0x0000000082f00000, 0x0000000082f00000|100%| O|  |TAMS 0x0000000082e00000| PB 0x0000000082e00000| Untracked 
|  47|0x0000000082f00000, 0x0000000083000000, 0x0000000083000000|100%| O|  |TAMS 0x0000000082f00000| PB 0x0000000082f00000| Untracked 
|  48|0x0000000083000000, 0x0000000083100000, 0x0000000083100000|100%| O|  |TAMS 0x0000000083000000| PB 0x0000000083000000| Untracked 
|  49|0x0000000083100000, 0x0000000083200000, 0x0000000083200000|100%| O|  |TAMS 0x0000000083100000| PB 0x0000000083100000| Untracked 
|  50|0x0000000083200000, 0x0000000083300000, 0x0000000083300000|100%| O|  |TAMS 0x0000000083200000| PB 0x0000000083200000| Untracked 
|  51|0x0000000083300000, 0x0000000083400000, 0x0000000083400000|100%| O|  |TAMS 0x0000000083300000| PB 0x0000000083300000| Untracked 
|  52|0x0000000083400000, 0x0000000083500000, 0x0000000083500000|100%| O|  |TAMS 0x0000000083400000| PB 0x0000000083400000| Untracked 
|  53|0x0000000083500000, 0x0000000083600000, 0x0000000083600000|100%| O|  |TAMS 0x0000000083500000| PB 0x0000000083500000| Untracked 
|  54|0x0000000083600000, 0x0000000083700000, 0x0000000083700000|100%|HS|  |TAMS 0x0000000083600000| PB 0x0000000083600000| Complete 
|  55|0x0000000083700000, 0x0000000083800000, 0x0000000083800000|100%|HS|  |TAMS 0x0000000083700000| PB 0x0000000083700000| Complete 
|  56|0x0000000083800000, 0x0000000083900000, 0x0000000083900000|100%|HS|  |TAMS 0x0000000083800000| PB 0x0000000083800000| Complete 
|  57|0x0000000083900000, 0x0000000083a00000, 0x0000000083a00000|100%|HC|  |TAMS 0x0000000083900000| PB 0x0000000083900000| Complete 
|  58|0x0000000083a00000, 0x0000000083b00000, 0x0000000083b00000|100%|HS|  |TAMS 0x0000000083a00000| PB 0x0000000083a00000| Complete 
|  59|0x0000000083b00000, 0x0000000083c00000, 0x0000000083c00000|100%|HC|  |TAMS 0x0000000083b00000| PB 0x0000000083b00000| Complete 
|  60|0x0000000083c00000, 0x0000000083d00000, 0x0000000083d00000|100%|HS|  |TAMS 0x0000000083c00000| PB 0x0000000083c00000| Complete 
|  61|0x0000000083d00000, 0x0000000083e00000, 0x0000000083e00000|100%|HS|  |TAMS 0x0000000083d00000| PB 0x0000000083d00000| Complete 
|  62|0x0000000083e00000, 0x0000000083f00000, 0x0000000083f00000|100%|HC|  |TAMS 0x0000000083e00000| PB 0x0000000083e00000| Complete 
|  63|0x0000000083f00000, 0x0000000084000000, 0x0000000084000000|100%|HC|  |TAMS 0x0000000083f00000| PB 0x0000000083f00000| Complete 
|  64|0x0000000084000000, 0x0000000084100000, 0x0000000084100000|100%|HC|  |TAMS 0x0000000084000000| PB 0x0000000084000000| Complete 
|  65|0x0000000084100000, 0x0000000084200000, 0x0000000084200000|100%|HS|  |TAMS 0x0000000084100000| PB 0x0000000084100000| Complete 
|  66|0x0000000084200000, 0x0000000084300000, 0x0000000084300000|100%| O|  |TAMS 0x0000000084200000| PB 0x0000000084200000| Untracked 
|  67|0x0000000084300000, 0x0000000084400000, 0x0000000084400000|100%|HS|  |TAMS 0x0000000084300000| PB 0x0000000084300000| Complete 
|  68|0x0000000084400000, 0x0000000084500000, 0x0000000084500000|100%|HS|  |TAMS 0x0000000084400000| PB 0x0000000084400000| Complete 
|  69|0x0000000084500000, 0x0000000084600000, 0x0000000084600000|100%| O|  |TAMS 0x0000000084500000| PB 0x0000000084500000| Untracked 
|  70|0x0000000084600000, 0x0000000084700000, 0x0000000084700000|100%| O|  |TAMS 0x0000000084600000| PB 0x0000000084600000| Untracked 
|  71|0x0000000084700000, 0x0000000084800000, 0x0000000084800000|100%| O|  |TAMS 0x0000000084700000| PB 0x0000000084700000| Untracked 
|  72|0x0000000084800000, 0x0000000084900000, 0x0000000084900000|100%| O|  |TAMS 0x0000000084800000| PB 0x0000000084800000| Untracked 
|  73|0x0000000084900000, 0x0000000084a00000, 0x0000000084a00000|100%| O|  |TAMS 0x0000000084900000| PB 0x0000000084900000| Untracked 
|  74|0x0000000084a00000, 0x0000000084b00000, 0x0000000084b00000|100%| O|  |TAMS 0x0000000084a00000| PB 0x0000000084a00000| Untracked 
|  75|0x0000000084b00000, 0x0000000084c00000, 0x0000000084c00000|100%| O|  |TAMS 0x0000000084b00000| PB 0x0000000084b00000| Untracked 
|  76|0x0000000084c00000, 0x0000000084d00000, 0x0000000084d00000|100%| O|  |TAMS 0x0000000084c00000| PB 0x0000000084c00000| Untracked 
|  77|0x0000000084d00000, 0x0000000084e00000, 0x0000000084e00000|100%|HS|  |TAMS 0x0000000084d00000| PB 0x0000000084d00000| Complete 
|  78|0x0000000084e00000, 0x0000000084f00000, 0x0000000084f00000|100%| O|  |TAMS 0x0000000084e00000| PB 0x0000000084e00000| Untracked 
|  79|0x0000000084f00000, 0x0000000085000000, 0x0000000085000000|100%| O|  |TAMS 0x0000000084f00000| PB 0x0000000084f00000| Untracked 
|  80|0x0000000085000000, 0x0000000085100000, 0x0000000085100000|100%| O|  |TAMS 0x0000000085000000| PB 0x0000000085000000| Untracked 
|  81|0x0000000085100000, 0x0000000085200000, 0x0000000085200000|100%|HS|  |TAMS 0x0000000085100000| PB 0x0000000085100000| Complete 
|  82|0x0000000085200000, 0x0000000085300000, 0x0000000085300000|100%|HC|  |TAMS 0x0000000085200000| PB 0x0000000085200000| Complete 
|  83|0x0000000085300000, 0x0000000085400000, 0x0000000085400000|100%|HC|  |TAMS 0x0000000085300000| PB 0x0000000085300000| Complete 
|  84|0x0000000085400000, 0x0000000085500000, 0x0000000085500000|100%|HC|  |TAMS 0x0000000085400000| PB 0x0000000085400000| Complete 
|  85|0x0000000085500000, 0x0000000085600000, 0x0000000085600000|100%| O|  |TAMS 0x0000000085500000| PB 0x0000000085500000| Untracked 
|  86|0x0000000085600000, 0x0000000085700000, 0x0000000085700000|100%| O|  |TAMS 0x0000000085600000| PB 0x0000000085600000| Untracked 
|  87|0x0000000085700000, 0x0000000085800000, 0x0000000085800000|100%| O|  |TAMS 0x0000000085700000| PB 0x0000000085700000| Untracked 
|  88|0x0000000085800000, 0x0000000085900000, 0x0000000085900000|100%| O|  |TAMS 0x0000000085800000| PB 0x0000000085800000| Untracked 
|  89|0x0000000085900000, 0x0000000085a00000, 0x0000000085a00000|100%| O|  |TAMS 0x0000000085900000| PB 0x0000000085900000| Untracked 
|  90|0x0000000085a00000, 0x0000000085b00000, 0x0000000085b00000|100%| O|  |TAMS 0x0000000085a00000| PB 0x0000000085a00000| Untracked 
|  91|0x0000000085b00000, 0x0000000085c00000, 0x0000000085c00000|100%| O|  |TAMS 0x0000000085b00000| PB 0x0000000085b00000| Untracked 
|  92|0x0000000085c00000, 0x0000000085d00000, 0x0000000085d00000|100%| O|  |TAMS 0x0000000085c00000| PB 0x0000000085c00000| Untracked 
|  93|0x0000000085d00000, 0x0000000085e00000, 0x0000000085e00000|100%| O|  |TAMS 0x0000000085d00000| PB 0x0000000085d00000| Untracked 
|  94|0x0000000085e00000, 0x0000000085f00000, 0x0000000085f00000|100%| O|  |TAMS 0x0000000085e00000| PB 0x0000000085e00000| Untracked 
|  95|0x0000000085f00000, 0x0000000086000000, 0x0000000086000000|100%| O|  |TAMS 0x0000000085f00000| PB 0x0000000085f00000| Untracked 
|  96|0x0000000086000000, 0x0000000086100000, 0x0000000086100000|100%| O|  |TAMS 0x0000000086000000| PB 0x0000000086000000| Untracked 
|  97|0x0000000086100000, 0x0000000086200000, 0x0000000086200000|100%| O|  |TAMS 0x0000000086100000| PB 0x0000000086100000| Untracked 
|  98|0x0000000086200000, 0x0000000086300000, 0x0000000086300000|100%| O|  |TAMS 0x0000000086200000| PB 0x0000000086200000| Untracked 
|  99|0x0000000086300000, 0x0000000086400000, 0x0000000086400000|100%| O|  |TAMS 0x0000000086300000| PB 0x0000000086300000| Untracked 
| 100|0x0000000086400000, 0x0000000086500000, 0x0000000086500000|100%| O|  |TAMS 0x0000000086400000| PB 0x0000000086400000| Untracked 
| 101|0x0000000086500000, 0x0000000086600000, 0x0000000086600000|100%| O|  |TAMS 0x0000000086500000| PB 0x0000000086500000| Untracked 
| 102|0x0000000086600000, 0x0000000086700000, 0x0000000086700000|100%| O|  |TAMS 0x0000000086600000| PB 0x0000000086600000| Untracked 
| 103|0x0000000086700000, 0x0000000086800000, 0x0000000086800000|100%| O|  |TAMS 0x0000000086700000| PB 0x0000000086700000| Untracked 
| 104|0x0000000086800000, 0x0000000086900000, 0x0000000086900000|100%| O|  |TAMS 0x0000000086800000| PB 0x0000000086800000| Untracked 
| 105|0x0000000086900000, 0x0000000086a00000, 0x0000000086a00000|100%| O|  |TAMS 0x0000000086900000| PB 0x0000000086900000| Untracked 
| 106|0x0000000086a00000, 0x0000000086b00000, 0x0000000086b00000|100%| O|  |TAMS 0x0000000086a00000| PB 0x0000000086a00000| Untracked 
| 107|0x0000000086b00000, 0x0000000086c00000, 0x0000000086c00000|100%| O|  |TAMS 0x0000000086b00000| PB 0x0000000086b00000| Untracked 
| 108|0x0000000086c00000, 0x0000000086d00000, 0x0000000086d00000|100%| O|  |TAMS 0x0000000086c00000| PB 0x0000000086c00000| Untracked 
| 109|0x0000000086d00000, 0x0000000086e00000, 0x0000000086e00000|100%| O|  |TAMS 0x0000000086d00000| PB 0x0000000086d00000| Untracked 
| 110|0x0000000086e00000, 0x0000000086f00000, 0x0000000086f00000|100%| O|  |TAMS 0x0000000086e00000| PB 0x0000000086e00000| Untracked 
| 111|0x0000000086f00000, 0x0000000087000000, 0x0000000087000000|100%| O|  |TAMS 0x0000000086f00000| PB 0x0000000086f00000| Untracked 
| 112|0x0000000087000000, 0x0000000087100000, 0x0000000087100000|100%| O|  |TAMS 0x0000000087000000| PB 0x0000000087000000| Untracked 
| 113|0x0000000087100000, 0x0000000087200000, 0x0000000087200000|100%| O|  |TAMS 0x0000000087100000| PB 0x0000000087100000| Untracked 
| 114|0x0000000087200000, 0x0000000087300000, 0x0000000087300000|100%| O|  |TAMS 0x0000000087200000| PB 0x0000000087200000| Untracked 
| 115|0x0000000087300000, 0x0000000087400000, 0x0000000087400000|100%| O|  |TAMS 0x0000000087300000| PB 0x0000000087300000| Untracked 
| 116|0x0000000087400000, 0x0000000087500000, 0x0000000087500000|100%| O|  |TAMS 0x0000000087400000| PB 0x0000000087400000| Untracked 
| 117|0x0000000087500000, 0x0000000087600000, 0x0000000087600000|100%| O|  |TAMS 0x0000000087500000| PB 0x0000000087500000| Untracked 
| 118|0x0000000087600000, 0x0000000087700000, 0x0000000087700000|100%| O|  |TAMS 0x0000000087600000| PB 0x0000000087600000| Untracked 
| 119|0x0000000087700000, 0x0000000087800000, 0x0000000087800000|100%| O|  |TAMS 0x0000000087700000| PB 0x0000000087700000| Untracked 
| 120|0x0000000087800000, 0x0000000087900000, 0x0000000087900000|100%| O|  |TAMS 0x0000000087800000| PB 0x0000000087800000| Untracked 
| 121|0x0000000087900000, 0x0000000087a00000, 0x0000000087a00000|100%| O|  |TAMS 0x0000000087900000| PB 0x0000000087900000| Untracked 
| 122|0x0000000087a00000, 0x0000000087b00000, 0x0000000087b00000|100%| O|  |TAMS 0x0000000087a00000| PB 0x0000000087a00000| Untracked 
| 123|0x0000000087b00000, 0x0000000087c00000, 0x0000000087c00000|100%| O|  |TAMS 0x0000000087b00000| PB 0x0000000087b00000| Untracked 
| 124|0x0000000087c00000, 0x0000000087d00000, 0x0000000087d00000|100%| O|  |TAMS 0x0000000087c00000| PB 0x0000000087c00000| Untracked 
| 125|0x0000000087d00000, 0x0000000087e00000, 0x0000000087e00000|100%| O|  |TAMS 0x0000000087d00000| PB 0x0000000087d00000| Untracked 
| 126|0x0000000087e00000, 0x0000000087f00000, 0x0000000087f00000|100%| O|  |TAMS 0x0000000087e00000| PB 0x0000000087e00000| Untracked 
| 127|0x0000000087f00000, 0x0000000088000000, 0x0000000088000000|100%| O|  |TAMS 0x0000000087f00000| PB 0x0000000087f00000| Untracked 
| 128|0x0000000088000000, 0x0000000088100000, 0x0000000088100000|100%| O|  |TAMS 0x0000000088000000| PB 0x0000000088000000| Untracked 
| 129|0x0000000088100000, 0x0000000088200000, 0x0000000088200000|100%| O|  |TAMS 0x0000000088100000| PB 0x0000000088100000| Untracked 
| 130|0x0000000088200000, 0x0000000088300000, 0x0000000088300000|100%| O|  |TAMS 0x0000000088200000| PB 0x0000000088200000| Untracked 
| 131|0x0000000088300000, 0x0000000088400000, 0x0000000088400000|100%| O|  |TAMS 0x0000000088300000| PB 0x0000000088300000| Untracked 
| 132|0x0000000088400000, 0x0000000088500000, 0x0000000088500000|100%| O|  |TAMS 0x0000000088400000| PB 0x0000000088400000| Untracked 
| 133|0x0000000088500000, 0x0000000088600000, 0x0000000088600000|100%| O|  |TAMS 0x0000000088500000| PB 0x0000000088500000| Untracked 
| 134|0x0000000088600000, 0x0000000088700000, 0x0000000088700000|100%| O|  |TAMS 0x0000000088600000| PB 0x0000000088600000| Untracked 
| 135|0x0000000088700000, 0x0000000088800000, 0x0000000088800000|100%| O|  |TAMS 0x0000000088700000| PB 0x0000000088700000| Untracked 
| 136|0x0000000088800000, 0x0000000088900000, 0x0000000088900000|100%| O|  |TAMS 0x0000000088800000| PB 0x0000000088800000| Untracked 
| 137|0x0000000088900000, 0x0000000088a00000, 0x0000000088a00000|100%| O|  |TAMS 0x0000000088900000| PB 0x0000000088900000| Untracked 
| 138|0x0000000088a00000, 0x0000000088b00000, 0x0000000088b00000|100%| O|  |TAMS 0x0000000088a00000| PB 0x0000000088a00000| Untracked 
| 139|0x0000000088b00000, 0x0000000088c00000, 0x0000000088c00000|100%| O|  |TAMS 0x0000000088b00000| PB 0x0000000088b00000| Untracked 
| 140|0x0000000088c00000, 0x0000000088d00000, 0x0000000088d00000|100%| O|  |TAMS 0x0000000088c00000| PB 0x0000000088c00000| Untracked 
| 141|0x0000000088d00000, 0x0000000088e00000, 0x0000000088e00000|100%| O|  |TAMS 0x0000000088d00000| PB 0x0000000088d00000| Untracked 
| 142|0x0000000088e00000, 0x0000000088f00000, 0x0000000088f00000|100%| O|  |TAMS 0x0000000088e00000| PB 0x0000000088e00000| Untracked 
| 143|0x0000000088f00000, 0x0000000089000000, 0x0000000089000000|100%| O|  |TAMS 0x0000000088f00000| PB 0x0000000088f00000| Untracked 
| 144|0x0000000089000000, 0x0000000089100000, 0x0000000089100000|100%| O|  |TAMS 0x0000000089000000| PB 0x0000000089000000| Untracked 
| 145|0x0000000089100000, 0x0000000089200000, 0x0000000089200000|100%| O|  |TAMS 0x0000000089100000| PB 0x0000000089100000| Untracked 
| 146|0x0000000089200000, 0x0000000089300000, 0x0000000089300000|100%| O|  |TAMS 0x0000000089200000| PB 0x0000000089200000| Untracked 
| 147|0x0000000089300000, 0x0000000089400000, 0x0000000089400000|100%| O|  |TAMS 0x0000000089300000| PB 0x0000000089300000| Untracked 
| 148|0x0000000089400000, 0x0000000089500000, 0x0000000089500000|100%| O|  |TAMS 0x0000000089400000| PB 0x0000000089400000| Untracked 
| 149|0x0000000089500000, 0x0000000089600000, 0x0000000089600000|100%| O|  |TAMS 0x0000000089500000| PB 0x0000000089500000| Untracked 
| 150|0x0000000089600000, 0x0000000089700000, 0x0000000089700000|100%| O|  |TAMS 0x0000000089600000| PB 0x0000000089600000| Untracked 
| 151|0x0000000089700000, 0x0000000089800000, 0x0000000089800000|100%| O|  |TAMS 0x0000000089700000| PB 0x0000000089700000| Untracked 
| 152|0x0000000089800000, 0x0000000089900000, 0x0000000089900000|100%| O|  |TAMS 0x0000000089800000| PB 0x0000000089800000| Untracked 
| 153|0x0000000089900000, 0x0000000089a00000, 0x0000000089a00000|100%| O|  |TAMS 0x0000000089900000| PB 0x0000000089900000| Untracked 
| 154|0x0000000089a00000, 0x0000000089b00000, 0x0000000089b00000|100%| O|  |TAMS 0x0000000089a00000| PB 0x0000000089a00000| Untracked 
| 155|0x0000000089b00000, 0x0000000089c00000, 0x0000000089c00000|100%| O|  |TAMS 0x0000000089b00000| PB 0x0000000089b00000| Untracked 
| 156|0x0000000089c00000, 0x0000000089d00000, 0x0000000089d00000|100%| O|  |TAMS 0x0000000089c00000| PB 0x0000000089c00000| Untracked 
| 157|0x0000000089d00000, 0x0000000089e00000, 0x0000000089e00000|100%| O|  |TAMS 0x0000000089d00000| PB 0x0000000089d00000| Untracked 
| 158|0x0000000089e00000, 0x0000000089f00000, 0x0000000089f00000|100%| O|  |TAMS 0x0000000089e00000| PB 0x0000000089e00000| Untracked 
| 159|0x0000000089f00000, 0x000000008a000000, 0x000000008a000000|100%| O|  |TAMS 0x0000000089f00000| PB 0x0000000089f00000| Untracked 
| 160|0x000000008a000000, 0x000000008a000000, 0x000000008a100000|  0%| F|  |TAMS 0x000000008a000000| PB 0x000000008a000000| Untracked 
| 161|0x000000008a100000, 0x000000008a200000, 0x000000008a200000|100%| O|  |TAMS 0x000000008a100000| PB 0x000000008a100000| Untracked 
| 162|0x000000008a200000, 0x000000008a300000, 0x000000008a300000|100%| O|  |TAMS 0x000000008a200000| PB 0x000000008a200000| Untracked 
| 163|0x000000008a300000, 0x000000008a400000, 0x000000008a400000|100%| O|  |TAMS 0x000000008a300000| PB 0x000000008a300000| Untracked 
| 164|0x000000008a400000, 0x000000008a500000, 0x000000008a500000|100%| O|  |TAMS 0x000000008a400000| PB 0x000000008a400000| Untracked 
| 165|0x000000008a500000, 0x000000008a600000, 0x000000008a600000|100%| O|  |TAMS 0x000000008a500000| PB 0x000000008a500000| Untracked 
| 166|0x000000008a600000, 0x000000008a700000, 0x000000008a700000|100%| O|  |TAMS 0x000000008a600000| PB 0x000000008a600000| Untracked 
| 167|0x000000008a700000, 0x000000008a800000, 0x000000008a800000|100%| O|  |TAMS 0x000000008a700000| PB 0x000000008a700000| Untracked 
| 168|0x000000008a800000, 0x000000008a900000, 0x000000008a900000|100%| O|  |TAMS 0x000000008a800000| PB 0x000000008a800000| Untracked 
| 169|0x000000008a900000, 0x000000008a900000, 0x000000008aa00000|  0%| F|  |TAMS 0x000000008a900000| PB 0x000000008a900000| Untracked 
| 170|0x000000008aa00000, 0x000000008aa00000, 0x000000008ab00000|  0%| F|  |TAMS 0x000000008aa00000| PB 0x000000008aa00000| Untracked 
| 171|0x000000008ab00000, 0x000000008ab00000, 0x000000008ac00000|  0%| F|  |TAMS 0x000000008ab00000| PB 0x000000008ab00000| Untracked 
| 172|0x000000008ac00000, 0x000000008ad00000, 0x000000008ad00000|100%| O|  |TAMS 0x000000008ac00000| PB 0x000000008ac00000| Untracked 
| 173|0x000000008ad00000, 0x000000008ae00000, 0x000000008ae00000|100%| O|  |TAMS 0x000000008ad00000| PB 0x000000008ad00000| Untracked 
| 174|0x000000008ae00000, 0x000000008af00000, 0x000000008af00000|100%| O|  |TAMS 0x000000008ae00000| PB 0x000000008ae00000| Untracked 
| 175|0x000000008af00000, 0x000000008b000000, 0x000000008b000000|100%| O|  |TAMS 0x000000008af00000| PB 0x000000008af00000| Untracked 
| 176|0x000000008b000000, 0x000000008b100000, 0x000000008b100000|100%| O|  |TAMS 0x000000008b000000| PB 0x000000008b000000| Untracked 
| 177|0x000000008b100000, 0x000000008b200000, 0x000000008b200000|100%| O|  |TAMS 0x000000008b100000| PB 0x000000008b100000| Untracked 
| 178|0x000000008b200000, 0x000000008b300000, 0x000000008b300000|100%| O|  |TAMS 0x000000008b200000| PB 0x000000008b200000| Untracked 
| 179|0x000000008b300000, 0x000000008b400000, 0x000000008b400000|100%| O|  |TAMS 0x000000008b300000| PB 0x000000008b300000| Untracked 
| 180|0x000000008b400000, 0x000000008b500000, 0x000000008b500000|100%| O|  |TAMS 0x000000008b400000| PB 0x000000008b400000| Untracked 
| 181|0x000000008b500000, 0x000000008b600000, 0x000000008b600000|100%| O|  |TAMS 0x000000008b500000| PB 0x000000008b500000| Untracked 
| 182|0x000000008b600000, 0x000000008b600000, 0x000000008b700000|  0%| F|  |TAMS 0x000000008b600000| PB 0x000000008b600000| Untracked 
| 183|0x000000008b700000, 0x000000008b800000, 0x000000008b800000|100%| O|  |TAMS 0x000000008b700000| PB 0x000000008b700000| Untracked 
| 184|0x000000008b800000, 0x000000008b900000, 0x000000008b900000|100%| O|  |TAMS 0x000000008b800000| PB 0x000000008b800000| Untracked 
| 185|0x000000008b900000, 0x000000008ba00000, 0x000000008ba00000|100%| O|  |TAMS 0x000000008b900000| PB 0x000000008b900000| Untracked 
| 186|0x000000008ba00000, 0x000000008bb00000, 0x000000008bb00000|100%| O|  |TAMS 0x000000008ba00000| PB 0x000000008ba00000| Untracked 
| 187|0x000000008bb00000, 0x000000008bc00000, 0x000000008bc00000|100%| O|  |TAMS 0x000000008bb00000| PB 0x000000008bb00000| Untracked 
| 188|0x000000008bc00000, 0x000000008bd00000, 0x000000008bd00000|100%| O|  |TAMS 0x000000008bc00000| PB 0x000000008bc00000| Untracked 
| 189|0x000000008bd00000, 0x000000008be00000, 0x000000008be00000|100%| O|  |TAMS 0x000000008bd00000| PB 0x000000008bd00000| Untracked 
| 190|0x000000008be00000, 0x000000008bf00000, 0x000000008bf00000|100%| O|  |TAMS 0x000000008be00000| PB 0x000000008be00000| Untracked 
| 191|0x000000008bf00000, 0x000000008c000000, 0x000000008c000000|100%| O|  |TAMS 0x000000008bf00000| PB 0x000000008bf00000| Untracked 
| 192|0x000000008c000000, 0x000000008c100000, 0x000000008c100000|100%| O|  |TAMS 0x000000008c000000| PB 0x000000008c000000| Untracked 
| 193|0x000000008c100000, 0x000000008c1768c8, 0x000000008c200000| 46%| O|  |TAMS 0x000000008c100000| PB 0x000000008c100000| Untracked 
| 194|0x000000008c200000, 0x000000008c200000, 0x000000008c300000|  0%| F|  |TAMS 0x000000008c200000| PB 0x000000008c200000| Untracked 
| 195|0x000000008c300000, 0x000000008c300000, 0x000000008c400000|  0%| F|  |TAMS 0x000000008c300000| PB 0x000000008c300000| Untracked 
| 196|0x000000008c400000, 0x000000008c400000, 0x000000008c500000|  0%| F|  |TAMS 0x000000008c400000| PB 0x000000008c400000| Untracked 
| 197|0x000000008c500000, 0x000000008c500000, 0x000000008c600000|  0%| F|  |TAMS 0x000000008c500000| PB 0x000000008c500000| Untracked 
| 198|0x000000008c600000, 0x000000008c600000, 0x000000008c700000|  0%| F|  |TAMS 0x000000008c600000| PB 0x000000008c600000| Untracked 
| 199|0x000000008c700000, 0x000000008c700000, 0x000000008c800000|  0%| F|  |TAMS 0x000000008c700000| PB 0x000000008c700000| Untracked 
| 200|0x000000008c800000, 0x000000008c800000, 0x000000008c900000|  0%| F|  |TAMS 0x000000008c800000| PB 0x000000008c800000| Untracked 
| 201|0x000000008c900000, 0x000000008c900000, 0x000000008ca00000|  0%| F|  |TAMS 0x000000008c900000| PB 0x000000008c900000| Untracked 
| 202|0x000000008ca00000, 0x000000008ca00000, 0x000000008cb00000|  0%| F|  |TAMS 0x000000008ca00000| PB 0x000000008ca00000| Untracked 
| 203|0x000000008cb00000, 0x000000008cb00000, 0x000000008cc00000|  0%| F|  |TAMS 0x000000008cb00000| PB 0x000000008cb00000| Untracked 
| 204|0x000000008cc00000, 0x000000008cc00000, 0x000000008cd00000|  0%| F|  |TAMS 0x000000008cc00000| PB 0x000000008cc00000| Untracked 
| 205|0x000000008cd00000, 0x000000008cd00000, 0x000000008ce00000|  0%| F|  |TAMS 0x000000008cd00000| PB 0x000000008cd00000| Untracked 
| 206|0x000000008ce00000, 0x000000008ce00000, 0x000000008cf00000|  0%| F|  |TAMS 0x000000008ce00000| PB 0x000000008ce00000| Untracked 
| 207|0x000000008cf00000, 0x000000008cf00000, 0x000000008d000000|  0%| F|  |TAMS 0x000000008cf00000| PB 0x000000008cf00000| Untracked 
| 208|0x000000008d000000, 0x000000008d000000, 0x000000008d100000|  0%| F|  |TAMS 0x000000008d000000| PB 0x000000008d000000| Untracked 
| 209|0x000000008d100000, 0x000000008d100000, 0x000000008d200000|  0%| F|  |TAMS 0x000000008d100000| PB 0x000000008d100000| Untracked 
| 210|0x000000008d200000, 0x000000008d200000, 0x000000008d300000|  0%| F|  |TAMS 0x000000008d200000| PB 0x000000008d200000| Untracked 
| 211|0x000000008d300000, 0x000000008d300000, 0x000000008d400000|  0%| F|  |TAMS 0x000000008d300000| PB 0x000000008d300000| Untracked 
| 212|0x000000008d400000, 0x000000008d400000, 0x000000008d500000|  0%| F|  |TAMS 0x000000008d400000| PB 0x000000008d400000| Untracked 
| 213|0x000000008d500000, 0x000000008d500000, 0x000000008d600000|  0%| F|  |TAMS 0x000000008d500000| PB 0x000000008d500000| Untracked 
| 214|0x000000008d600000, 0x000000008d600000, 0x000000008d700000|  0%| F|  |TAMS 0x000000008d600000| PB 0x000000008d600000| Untracked 
| 215|0x000000008d700000, 0x000000008d700000, 0x000000008d800000|  0%| F|  |TAMS 0x000000008d700000| PB 0x000000008d700000| Untracked 
| 216|0x000000008d800000, 0x000000008d800000, 0x000000008d900000|  0%| F|  |TAMS 0x000000008d800000| PB 0x000000008d800000| Untracked 
| 217|0x000000008d900000, 0x000000008d9f4b40, 0x000000008da00000| 95%| S|CS|TAMS 0x000000008d900000| PB 0x000000008d900000| Complete 
| 218|0x000000008da00000, 0x000000008db00000, 0x000000008db00000|100%| S|CS|TAMS 0x000000008da00000| PB 0x000000008da00000| Complete 
| 219|0x000000008db00000, 0x000000008dc00000, 0x000000008dc00000|100%| S|CS|TAMS 0x000000008db00000| PB 0x000000008db00000| Complete 
| 220|0x000000008dc00000, 0x000000008dd00000, 0x000000008dd00000|100%| S|CS|TAMS 0x000000008dc00000| PB 0x000000008dc00000| Complete 
| 221|0x000000008dd00000, 0x000000008de00000, 0x000000008de00000|100%| S|CS|TAMS 0x000000008dd00000| PB 0x000000008dd00000| Complete 
| 222|0x000000008de00000, 0x000000008df00000, 0x000000008df00000|100%| S|CS|TAMS 0x000000008de00000| PB 0x000000008de00000| Complete 
| 223|0x000000008df00000, 0x000000008df00000, 0x000000008e000000|  0%| F|  |TAMS 0x000000008df00000| PB 0x000000008df00000| Untracked 
| 224|0x000000008e000000, 0x000000008e000000, 0x000000008e100000|  0%| F|  |TAMS 0x000000008e000000| PB 0x000000008e000000| Untracked 
| 225|0x000000008e100000, 0x000000008e100000, 0x000000008e200000|  0%| F|  |TAMS 0x000000008e100000| PB 0x000000008e100000| Untracked 
| 226|0x000000008e200000, 0x000000008e200000, 0x000000008e300000|  0%| F|  |TAMS 0x000000008e200000| PB 0x000000008e200000| Untracked 
| 227|0x000000008e300000, 0x000000008e300000, 0x000000008e400000|  0%| F|  |TAMS 0x000000008e300000| PB 0x000000008e300000| Untracked 
| 228|0x000000008e400000, 0x000000008e400000, 0x000000008e500000|  0%| F|  |TAMS 0x000000008e400000| PB 0x000000008e400000| Untracked 
| 229|0x000000008e500000, 0x000000008e500000, 0x000000008e600000|  0%| F|  |TAMS 0x000000008e500000| PB 0x000000008e500000| Untracked 
| 230|0x000000008e600000, 0x000000008e600000, 0x000000008e700000|  0%| F|  |TAMS 0x000000008e600000| PB 0x000000008e600000| Untracked 
| 231|0x000000008e700000, 0x000000008e700000, 0x000000008e800000|  0%| F|  |TAMS 0x000000008e700000| PB 0x000000008e700000| Untracked 
| 232|0x000000008e800000, 0x000000008e800000, 0x000000008e900000|  0%| F|  |TAMS 0x000000008e800000| PB 0x000000008e800000| Untracked 
| 233|0x000000008e900000, 0x000000008e900000, 0x000000008ea00000|  0%| F|  |TAMS 0x000000008e900000| PB 0x000000008e900000| Untracked 
| 234|0x000000008ea00000, 0x000000008ea00000, 0x000000008eb00000|  0%| F|  |TAMS 0x000000008ea00000| PB 0x000000008ea00000| Untracked 
| 235|0x000000008eb00000, 0x000000008eb00000, 0x000000008ec00000|  0%| F|  |TAMS 0x000000008eb00000| PB 0x000000008eb00000| Untracked 
| 236|0x000000008ec00000, 0x000000008ec00000, 0x000000008ed00000|  0%| F|  |TAMS 0x000000008ec00000| PB 0x000000008ec00000| Untracked 
| 237|0x000000008ed00000, 0x000000008ed00000, 0x000000008ee00000|  0%| F|  |TAMS 0x000000008ed00000| PB 0x000000008ed00000| Untracked 
| 238|0x000000008ee00000, 0x000000008ee00000, 0x000000008ef00000|  0%| F|  |TAMS 0x000000008ee00000| PB 0x000000008ee00000| Untracked 
| 239|0x000000008ef00000, 0x000000008ef00000, 0x000000008f000000|  0%| F|  |TAMS 0x000000008ef00000| PB 0x000000008ef00000| Untracked 
| 240|0x000000008f000000, 0x000000008f000000, 0x000000008f100000|  0%| F|  |TAMS 0x000000008f000000| PB 0x000000008f000000| Untracked 
| 241|0x000000008f100000, 0x000000008f100000, 0x000000008f200000|  0%| F|  |TAMS 0x000000008f100000| PB 0x000000008f100000| Untracked 
| 242|0x000000008f200000, 0x000000008f200000, 0x000000008f300000|  0%| F|  |TAMS 0x000000008f200000| PB 0x000000008f200000| Untracked 
| 243|0x000000008f300000, 0x000000008f300000, 0x000000008f400000|  0%| F|  |TAMS 0x000000008f300000| PB 0x000000008f300000| Untracked 
| 244|0x000000008f400000, 0x000000008f400000, 0x000000008f500000|  0%| F|  |TAMS 0x000000008f400000| PB 0x000000008f400000| Untracked 
| 245|0x000000008f500000, 0x000000008f500000, 0x000000008f600000|  0%| F|  |TAMS 0x000000008f500000| PB 0x000000008f500000| Untracked 
| 246|0x000000008f600000, 0x000000008f600000, 0x000000008f700000|  0%| F|  |TAMS 0x000000008f600000| PB 0x000000008f600000| Untracked 
| 247|0x000000008f700000, 0x000000008f700000, 0x000000008f800000|  0%| F|  |TAMS 0x000000008f700000| PB 0x000000008f700000| Untracked 
| 248|0x000000008f800000, 0x000000008f800000, 0x000000008f900000|  0%| F|  |TAMS 0x000000008f800000| PB 0x000000008f800000| Untracked 
| 249|0x000000008f900000, 0x000000008f900000, 0x000000008fa00000|  0%| F|  |TAMS 0x000000008f900000| PB 0x000000008f900000| Untracked 
| 250|0x000000008fa00000, 0x000000008fa00000, 0x000000008fb00000|  0%| F|  |TAMS 0x000000008fa00000| PB 0x000000008fa00000| Untracked 
| 251|0x000000008fb00000, 0x000000008fb00000, 0x000000008fc00000|  0%| F|  |TAMS 0x000000008fb00000| PB 0x000000008fb00000| Untracked 
| 252|0x000000008fc00000, 0x000000008fc00000, 0x000000008fd00000|  0%| F|  |TAMS 0x000000008fc00000| PB 0x000000008fc00000| Untracked 
| 253|0x000000008fd00000, 0x000000008fd00000, 0x000000008fe00000|  0%| F|  |TAMS 0x000000008fd00000| PB 0x000000008fd00000| Untracked 
| 254|0x000000008fe00000, 0x000000008fe00000, 0x000000008ff00000|  0%| F|  |TAMS 0x000000008fe00000| PB 0x000000008fe00000| Untracked 
| 255|0x000000008ff00000, 0x000000008ff00000, 0x0000000090000000|  0%| F|  |TAMS 0x000000008ff00000| PB 0x000000008ff00000| Untracked 
| 256|0x0000000090000000, 0x0000000090000000, 0x0000000090100000|  0%| F|  |TAMS 0x0000000090000000| PB 0x0000000090000000| Untracked 
| 257|0x0000000090100000, 0x0000000090100000, 0x0000000090200000|  0%| F|  |TAMS 0x0000000090100000| PB 0x0000000090100000| Untracked 
| 258|0x0000000090200000, 0x0000000090200000, 0x0000000090300000|  0%| F|  |TAMS 0x0000000090200000| PB 0x0000000090200000| Untracked 
| 259|0x0000000090300000, 0x0000000090300000, 0x0000000090400000|  0%| F|  |TAMS 0x0000000090300000| PB 0x0000000090300000| Untracked 
| 260|0x0000000090400000, 0x0000000090400000, 0x0000000090500000|  0%| F|  |TAMS 0x0000000090400000| PB 0x0000000090400000| Untracked 
| 261|0x0000000090500000, 0x0000000090500000, 0x0000000090600000|  0%| F|  |TAMS 0x0000000090500000| PB 0x0000000090500000| Untracked 
| 262|0x0000000090600000, 0x0000000090600000, 0x0000000090700000|  0%| F|  |TAMS 0x0000000090600000| PB 0x0000000090600000| Untracked 
| 263|0x0000000090700000, 0x0000000090700000, 0x0000000090800000|  0%| F|  |TAMS 0x0000000090700000| PB 0x0000000090700000| Untracked 
| 264|0x0000000090800000, 0x0000000090800000, 0x0000000090900000|  0%| F|  |TAMS 0x0000000090800000| PB 0x0000000090800000| Untracked 
| 265|0x0000000090900000, 0x0000000090900000, 0x0000000090a00000|  0%| F|  |TAMS 0x0000000090900000| PB 0x0000000090900000| Untracked 
| 266|0x0000000090a00000, 0x0000000090a00000, 0x0000000090b00000|  0%| F|  |TAMS 0x0000000090a00000| PB 0x0000000090a00000| Untracked 
| 267|0x0000000090b00000, 0x0000000090b00000, 0x0000000090c00000|  0%| F|  |TAMS 0x0000000090b00000| PB 0x0000000090b00000| Untracked 
| 268|0x0000000090c00000, 0x0000000090c00000, 0x0000000090d00000|  0%| F|  |TAMS 0x0000000090c00000| PB 0x0000000090c00000| Untracked 
| 269|0x0000000090d00000, 0x0000000090d00000, 0x0000000090e00000|  0%| F|  |TAMS 0x0000000090d00000| PB 0x0000000090d00000| Untracked 
| 270|0x0000000090e00000, 0x0000000090e00000, 0x0000000090f00000|  0%| F|  |TAMS 0x0000000090e00000| PB 0x0000000090e00000| Untracked 
| 271|0x0000000090f00000, 0x0000000090f00000, 0x0000000091000000|  0%| F|  |TAMS 0x0000000090f00000| PB 0x0000000090f00000| Untracked 
| 272|0x0000000091000000, 0x0000000091000000, 0x0000000091100000|  0%| F|  |TAMS 0x0000000091000000| PB 0x0000000091000000| Untracked 
| 273|0x0000000091100000, 0x0000000091100000, 0x0000000091200000|  0%| F|  |TAMS 0x0000000091100000| PB 0x0000000091100000| Untracked 
| 274|0x0000000091200000, 0x0000000091200000, 0x0000000091300000|  0%| F|  |TAMS 0x0000000091200000| PB 0x0000000091200000| Untracked 
| 275|0x0000000091300000, 0x0000000091300000, 0x0000000091400000|  0%| F|  |TAMS 0x0000000091300000| PB 0x0000000091300000| Untracked 
| 276|0x0000000091400000, 0x0000000091400000, 0x0000000091500000|  0%| F|  |TAMS 0x0000000091400000| PB 0x0000000091400000| Untracked 
| 277|0x0000000091500000, 0x0000000091500000, 0x0000000091600000|  0%| F|  |TAMS 0x0000000091500000| PB 0x0000000091500000| Untracked 
| 278|0x0000000091600000, 0x0000000091600000, 0x0000000091700000|  0%| F|  |TAMS 0x0000000091600000| PB 0x0000000091600000| Untracked 
| 279|0x0000000091700000, 0x0000000091700000, 0x0000000091800000|  0%| F|  |TAMS 0x0000000091700000| PB 0x0000000091700000| Untracked 
| 280|0x0000000091800000, 0x0000000091800000, 0x0000000091900000|  0%| F|  |TAMS 0x0000000091800000| PB 0x0000000091800000| Untracked 
| 281|0x0000000091900000, 0x0000000091900000, 0x0000000091a00000|  0%| F|  |TAMS 0x0000000091900000| PB 0x0000000091900000| Untracked 
| 282|0x0000000091a00000, 0x0000000091a00000, 0x0000000091b00000|  0%| F|  |TAMS 0x0000000091a00000| PB 0x0000000091a00000| Untracked 
| 283|0x0000000091b00000, 0x0000000091b00000, 0x0000000091c00000|  0%| F|  |TAMS 0x0000000091b00000| PB 0x0000000091b00000| Untracked 
| 284|0x0000000091c00000, 0x0000000091c00000, 0x0000000091d00000|  0%| F|  |TAMS 0x0000000091c00000| PB 0x0000000091c00000| Untracked 
| 285|0x0000000091d00000, 0x0000000091d00000, 0x0000000091e00000|  0%| F|  |TAMS 0x0000000091d00000| PB 0x0000000091d00000| Untracked 
| 286|0x0000000091e00000, 0x0000000091e00000, 0x0000000091f00000|  0%| F|  |TAMS 0x0000000091e00000| PB 0x0000000091e00000| Untracked 
| 287|0x0000000091f00000, 0x0000000091f00000, 0x0000000092000000|  0%| F|  |TAMS 0x0000000091f00000| PB 0x0000000091f00000| Untracked 
| 288|0x0000000092000000, 0x0000000092000000, 0x0000000092100000|  0%| F|  |TAMS 0x0000000092000000| PB 0x0000000092000000| Untracked 
| 289|0x0000000092100000, 0x0000000092100000, 0x0000000092200000|  0%| F|  |TAMS 0x0000000092100000| PB 0x0000000092100000| Untracked 
| 290|0x0000000092200000, 0x0000000092200000, 0x0000000092300000|  0%| F|  |TAMS 0x0000000092200000| PB 0x0000000092200000| Untracked 
| 291|0x0000000092300000, 0x0000000092300000, 0x0000000092400000|  0%| F|  |TAMS 0x0000000092300000| PB 0x0000000092300000| Untracked 
| 292|0x0000000092400000, 0x0000000092400000, 0x0000000092500000|  0%| F|  |TAMS 0x0000000092400000| PB 0x0000000092400000| Untracked 
| 293|0x0000000092500000, 0x0000000092500000, 0x0000000092600000|  0%| F|  |TAMS 0x0000000092500000| PB 0x0000000092500000| Untracked 
| 294|0x0000000092600000, 0x0000000092600000, 0x0000000092700000|  0%| F|  |TAMS 0x0000000092600000| PB 0x0000000092600000| Untracked 
| 295|0x0000000092700000, 0x0000000092700000, 0x0000000092800000|  0%| F|  |TAMS 0x0000000092700000| PB 0x0000000092700000| Untracked 
| 296|0x0000000092800000, 0x0000000092800000, 0x0000000092900000|  0%| F|  |TAMS 0x0000000092800000| PB 0x0000000092800000| Untracked 
| 297|0x0000000092900000, 0x0000000092900000, 0x0000000092a00000|  0%| F|  |TAMS 0x0000000092900000| PB 0x0000000092900000| Untracked 
| 298|0x0000000092a00000, 0x0000000092a00000, 0x0000000092b00000|  0%| F|  |TAMS 0x0000000092a00000| PB 0x0000000092a00000| Untracked 
| 299|0x0000000092b00000, 0x0000000092b00000, 0x0000000092c00000|  0%| F|  |TAMS 0x0000000092b00000| PB 0x0000000092b00000| Untracked 
| 300|0x0000000092c00000, 0x0000000092c00000, 0x0000000092d00000|  0%| F|  |TAMS 0x0000000092c00000| PB 0x0000000092c00000| Untracked 
| 301|0x0000000092d00000, 0x0000000092d00000, 0x0000000092e00000|  0%| F|  |TAMS 0x0000000092d00000| PB 0x0000000092d00000| Untracked 
| 302|0x0000000092e00000, 0x0000000092e00000, 0x0000000092f00000|  0%| F|  |TAMS 0x0000000092e00000| PB 0x0000000092e00000| Untracked 
| 303|0x0000000092f00000, 0x0000000092f00000, 0x0000000093000000|  0%| F|  |TAMS 0x0000000092f00000| PB 0x0000000092f00000| Untracked 
| 304|0x0000000093000000, 0x0000000093000000, 0x0000000093100000|  0%| F|  |TAMS 0x0000000093000000| PB 0x0000000093000000| Untracked 
| 305|0x0000000093100000, 0x0000000093100000, 0x0000000093200000|  0%| F|  |TAMS 0x0000000093100000| PB 0x0000000093100000| Untracked 
| 306|0x0000000093200000, 0x0000000093200000, 0x0000000093300000|  0%| F|  |TAMS 0x0000000093200000| PB 0x0000000093200000| Untracked 
| 307|0x0000000093300000, 0x0000000093300000, 0x0000000093400000|  0%| F|  |TAMS 0x0000000093300000| PB 0x0000000093300000| Untracked 
| 308|0x0000000093400000, 0x0000000093400000, 0x0000000093500000|  0%| F|  |TAMS 0x0000000093400000| PB 0x0000000093400000| Untracked 
| 309|0x0000000093500000, 0x0000000093500000, 0x0000000093600000|  0%| F|  |TAMS 0x0000000093500000| PB 0x0000000093500000| Untracked 
| 310|0x0000000093600000, 0x0000000093600000, 0x0000000093700000|  0%| F|  |TAMS 0x0000000093600000| PB 0x0000000093600000| Untracked 
| 311|0x0000000093700000, 0x0000000093700000, 0x0000000093800000|  0%| F|  |TAMS 0x0000000093700000| PB 0x0000000093700000| Untracked 
| 312|0x0000000093800000, 0x0000000093800000, 0x0000000093900000|  0%| F|  |TAMS 0x0000000093800000| PB 0x0000000093800000| Untracked 
| 313|0x0000000093900000, 0x0000000093900000, 0x0000000093a00000|  0%| F|  |TAMS 0x0000000093900000| PB 0x0000000093900000| Untracked 
| 314|0x0000000093a00000, 0x0000000093a00000, 0x0000000093b00000|  0%| F|  |TAMS 0x0000000093a00000| PB 0x0000000093a00000| Untracked 
| 315|0x0000000093b00000, 0x0000000093b00000, 0x0000000093c00000|  0%| F|  |TAMS 0x0000000093b00000| PB 0x0000000093b00000| Untracked 
| 316|0x0000000093c00000, 0x0000000093c00000, 0x0000000093d00000|  0%| F|  |TAMS 0x0000000093c00000| PB 0x0000000093c00000| Untracked 
| 317|0x0000000093d00000, 0x0000000093d00000, 0x0000000093e00000|  0%| F|  |TAMS 0x0000000093d00000| PB 0x0000000093d00000| Untracked 
| 318|0x0000000093e00000, 0x0000000093e00000, 0x0000000093f00000|  0%| F|  |TAMS 0x0000000093e00000| PB 0x0000000093e00000| Untracked 
| 319|0x0000000093f00000, 0x0000000093f00000, 0x0000000094000000|  0%| F|  |TAMS 0x0000000093f00000| PB 0x0000000093f00000| Untracked 
| 320|0x0000000094000000, 0x0000000094000000, 0x0000000094100000|  0%| F|  |TAMS 0x0000000094000000| PB 0x0000000094000000| Untracked 
| 321|0x0000000094100000, 0x0000000094100000, 0x0000000094200000|  0%| F|  |TAMS 0x0000000094100000| PB 0x0000000094100000| Untracked 
| 322|0x0000000094200000, 0x0000000094200000, 0x0000000094300000|  0%| F|  |TAMS 0x0000000094200000| PB 0x0000000094200000| Untracked 
| 323|0x0000000094300000, 0x0000000094300000, 0x0000000094400000|  0%| F|  |TAMS 0x0000000094300000| PB 0x0000000094300000| Untracked 
| 324|0x0000000094400000, 0x0000000094400000, 0x0000000094500000|  0%| F|  |TAMS 0x0000000094400000| PB 0x0000000094400000| Untracked 
| 325|0x0000000094500000, 0x0000000094500000, 0x0000000094600000|  0%| F|  |TAMS 0x0000000094500000| PB 0x0000000094500000| Untracked 
| 326|0x0000000094600000, 0x0000000094600000, 0x0000000094700000|  0%| F|  |TAMS 0x0000000094600000| PB 0x0000000094600000| Untracked 
| 327|0x0000000094700000, 0x0000000094700000, 0x0000000094800000|  0%| F|  |TAMS 0x0000000094700000| PB 0x0000000094700000| Untracked 
| 328|0x0000000094800000, 0x0000000094800000, 0x0000000094900000|  0%| F|  |TAMS 0x0000000094800000| PB 0x0000000094800000| Untracked 
| 329|0x0000000094900000, 0x0000000094900000, 0x0000000094a00000|  0%| F|  |TAMS 0x0000000094900000| PB 0x0000000094900000| Untracked 
| 330|0x0000000094a00000, 0x0000000094a00000, 0x0000000094b00000|  0%| F|  |TAMS 0x0000000094a00000| PB 0x0000000094a00000| Untracked 
|2042|0x00000000ffa00000, 0x00000000ffa00000, 0x00000000ffb00000|  0%| F|  |TAMS 0x00000000ffa00000| PB 0x00000000ffa00000| Untracked 
|2043|0x00000000ffb00000, 0x00000000ffc00000, 0x00000000ffc00000|100%| O|  |TAMS 0x00000000ffb00000| PB 0x00000000ffb00000| Untracked 
|2044|0x00000000ffc00000, 0x00000000ffd00000, 0x00000000ffd00000|100%| O|  |TAMS 0x00000000ffc00000| PB 0x00000000ffc00000| Untracked 
|2045|0x00000000ffd00000, 0x00000000ffe00000, 0x00000000ffe00000|100%| O|  |TAMS 0x00000000ffd00000| PB 0x00000000ffd00000| Untracked 
|2046|0x00000000ffe00000, 0x00000000fff00000, 0x00000000fff00000|100%| O|  |TAMS 0x00000000ffe00000| PB 0x00000000ffe00000| Untracked 
|2047|0x00000000fff00000, 0x0000000100000000, 0x0000000100000000|100%| O|  |TAMS 0x00000000fff00000| PB 0x00000000fff00000| Untracked 

Card table byte_map: [0x000001d1c4040000,0x000001d1c4440000] _byte_map_base: 0x000001d1c3c40000

Marking Bits: (CMBitMap*) 0x000001d1af54e630
 Bits: [0x000001d1c4440000, 0x000001d1c6440000)

Polling page: 0x000001d1af5b0000

Metaspace:

Usage:
  Non-class:    120.93 MB used.
      Class:     19.33 MB used.
       Both:    140.26 MB used.

Virtual space:
  Non-class space:      128.00 MB reserved,     122.06 MB ( 95%) committed,  2 nodes.
      Class space:        1.00 GB reserved,      20.44 MB (  2%) committed,  1 nodes.
             Both:        1.12 GB reserved,     142.50 MB ( 12%) committed. 

Chunk freelists:
   Non-Class:  5.78 MB
       Class:  11.47 MB
        Both:  17.25 MB

MaxMetaspaceSize: unlimited
CompressedClassSpaceSize: 1.00 GB
Initial GC threshold: 21.00 MB
Current GC threshold: 235.75 MB
CDS: off
 - commit_granule_bytes: 65536.
 - commit_granule_words: 8192.
 - virtual_space_node_default_size: 8388608.
 - enlarge_chunks_in_place: 1.
 - use_allocation_guard: 0.


Internal statistics:

num_allocs_failed_limit: 9.
num_arena_births: 4498.
num_arena_deaths: 24.
num_vsnodes_births: 3.
num_vsnodes_deaths: 0.
num_space_committed: 2278.
num_space_uncommitted: 0.
num_chunks_returned_to_freelist: 39.
num_chunks_taken_from_freelist: 10528.
num_chunk_merges: 14.
num_chunk_splits: 7008.
num_chunks_enlarged: 4567.
num_inconsistent_stats: 0.

CodeHeap 'non-profiled nmethods': size=120000Kb used=8607Kb max_used=8975Kb free=111392Kb
 bounds [0x000001d1bc3e0000, 0x000001d1bccc0000, 0x000001d1c3910000]
CodeHeap 'profiled nmethods': size=120000Kb used=31609Kb max_used=31609Kb free=88390Kb
 bounds [0x000001d1b4910000, 0x000001d1b67f0000, 0x000001d1bbe40000]
CodeHeap 'non-nmethods': size=5760Kb used=2954Kb max_used=3016Kb free=2806Kb
 bounds [0x000001d1bbe40000, 0x000001d1bc140000, 0x000001d1bc3e0000]
 total_blobs=16871 nmethods=15825 adapters=949
 compilation: enabled
              stopped_count=0, restarted_count=0
 full_count=0

Compilation events (20 events):
Event: 30.896 Thread 0x000001d1cd0b24b0 nmethod 19135 0x000001d1b67abe10 code [0x000001d1b67ac080, 0x000001d1b67acb68]
Event: 30.896 Thread 0x000001d1cd0b24b0 19139       3       com.android.tools.r8.internal.rn::<init> (52 bytes)
Event: 30.897 Thread 0x000001d1cd0b24b0 nmethod 19139 0x000001d1b67acf90 code [0x000001d1b67ad160, 0x000001d1b67ad4b0]
Event: 30.897 Thread 0x000001d1cd0b24b0 19165       3       com.android.tools.r8.internal.pd::e (37 bytes)
Event: 30.897 Thread 0x000001d1cd0b24b0 nmethod 19165 0x000001d1b67ad610 code [0x000001d1b67ad800, 0x000001d1b67add70]
Event: 30.897 Thread 0x000001d1cd0b24b0 19144       3       com.android.tools.r8.graph.z::I (8 bytes)
Event: 30.898 Thread 0x000001d1cd0b24b0 nmethod 19144 0x000001d1b67adf10 code [0x000001d1b67ae0c0, 0x000001d1b67ae320]
Event: 30.898 Thread 0x000001d1cd0b24b0 19162       3       com.android.tools.r8.ir.optimize.y::a (165 bytes)
Event: 30.899 Thread 0x000001d1cd0b24b0 nmethod 19162 0x000001d1b67ae490 code [0x000001d1b67ae7a0, 0x000001d1b67af6f0]
Event: 30.899 Thread 0x000001d1cd0b24b0 19147       3       com.android.tools.r8.internal.so2::hasNext (12 bytes)
Event: 30.899 Thread 0x000001d1cd0b24b0 nmethod 19147 0x000001d1b67afc10 code [0x000001d1b67afdc0, 0x000001d1b67aff30]
Event: 30.899 Thread 0x000001d1cd0b24b0 19164       3       com.android.tools.r8.internal.df0::<init> (5 bytes)
Event: 30.899 Thread 0x000001d1cd0b24b0 nmethod 19164 0x000001d1b67b0010 code [0x000001d1b67b01c0, 0x000001d1b67b03f0]
Event: 30.899 Thread 0x000001d1cd0b24b0 19155       3       com.android.tools.r8.internal.fn$$Lambda/0x00000001013d6778::accept (19 bytes)
Event: 30.899 Thread 0x000001d1cd0b24b0 nmethod 19155 0x000001d1b67b0510 code [0x000001d1b67b06e0, 0x000001d1b67b0a08]
Event: 30.899 Thread 0x000001d1cd0b24b0 19146       3       com.android.tools.r8.internal.w31::r (7 bytes)
Event: 30.900 Thread 0x000001d1cd0b24b0 nmethod 19146 0x000001d1b67b0b10 code [0x000001d1b67b0d00, 0x000001d1b67b1240]
Event: 30.900 Thread 0x000001d1cd0b24b0 19099       2       com.android.tools.r8.internal.qk2::a (173 bytes)
Event: 30.901 Thread 0x000001d1cd0b24b0 nmethod 19099 0x000001d1b67b1490 code [0x000001d1b67b1740, 0x000001d1b67b1e30]
Event: 30.901 Thread 0x000001d1cd0b24b0 19098       2       com.android.tools.r8.internal.l32::a (2024 bytes)

GC Heap History (20 events):
Event: 26.184 GC heap before
{Heap before GC invocations=53 (full 0):
 garbage-first heap   total 229376K, used 198490K [0x0000000080000000, 0x0000000100000000)
  region size 1024K, 65 young (66560K), 4 survivors (4096K)
 Metaspace       used 125693K, committed 127936K, reserved 1179648K
  class space    used 17001K, committed 18112K, reserved 1048576K
}
Event: 26.190 GC heap after
{Heap after GC invocations=54 (full 0):
 garbage-first heap   total 229376K, used 139797K [0x0000000080000000, 0x0000000100000000)
  region size 1024K, 7 young (7168K), 7 survivors (7168K)
 Metaspace       used 125693K, committed 127936K, reserved 1179648K
  class space    used 17001K, committed 18112K, reserved 1048576K
}
Event: 27.016 GC heap before
{Heap before GC invocations=54 (full 0):
 garbage-first heap   total 229376K, used 208405K [0x0000000080000000, 0x0000000100000000)
  region size 1024K, 75 young (76800K), 7 survivors (7168K)
 Metaspace       used 127141K, committed 129408K, reserved 1179648K
  class space    used 17184K, committed 18304K, reserved 1048576K
}
Event: 27.025 GC heap after
{Heap after GC invocations=55 (full 0):
 garbage-first heap   total 229376K, used 141965K [0x0000000080000000, 0x0000000100000000)
  region size 1024K, 9 young (9216K), 9 survivors (9216K)
 Metaspace       used 127141K, committed 129408K, reserved 1179648K
  class space    used 17184K, committed 18304K, reserved 1048576K
}
Event: 27.761 GC heap before
{Heap before GC invocations=55 (full 0):
 garbage-first heap   total 229376K, used 206477K [0x0000000080000000, 0x0000000100000000)
  region size 1024K, 73 young (74752K), 9 survivors (9216K)
 Metaspace       used 131373K, committed 133632K, reserved 1179648K
  class space    used 17844K, committed 18944K, reserved 1048576K
}
Event: 27.770 GC heap after
{Heap after GC invocations=56 (full 0):
 garbage-first heap   total 229376K, used 150214K [0x0000000080000000, 0x0000000100000000)
  region size 1024K, 9 young (9216K), 9 survivors (9216K)
 Metaspace       used 131373K, committed 133632K, reserved 1179648K
  class space    used 17844K, committed 18944K, reserved 1048576K
}
Event: 28.089 GC heap before
{Heap before GC invocations=57 (full 0):
 garbage-first heap   total 252928K, used 204486K [0x0000000080000000, 0x0000000100000000)
  region size 1024K, 63 young (64512K), 9 survivors (9216K)
 Metaspace       used 132634K, committed 134848K, reserved 1179648K
  class space    used 18029K, committed 19136K, reserved 1048576K
}
Event: 28.104 GC heap after
{Heap after GC invocations=58 (full 0):
 garbage-first heap   total 252928K, used 161248K [0x0000000080000000, 0x0000000100000000)
  region size 1024K, 8 young (8192K), 8 survivors (8192K)
 Metaspace       used 132634K, committed 134848K, reserved 1179648K
  class space    used 18029K, committed 19136K, reserved 1048576K
}
Event: 28.466 GC heap before
{Heap before GC invocations=58 (full 0):
 garbage-first heap   total 252928K, used 225760K [0x0000000080000000, 0x0000000100000000)
  region size 1024K, 72 young (73728K), 8 survivors (8192K)
 Metaspace       used 135038K, committed 137280K, reserved 1179648K
  class space    used 18405K, committed 19520K, reserved 1048576K
}
Event: 28.482 GC heap after
{Heap after GC invocations=59 (full 0):
 garbage-first heap   total 252928K, used 169984K [0x0000000080000000, 0x0000000100000000)
  region size 1024K, 9 young (9216K), 9 survivors (9216K)
 Metaspace       used 135038K, committed 137280K, reserved 1179648K
  class space    used 18405K, committed 19520K, reserved 1048576K
}
Event: 28.664 GC heap before
{Heap before GC invocations=59 (full 0):
 garbage-first heap   total 252928K, used 228352K [0x0000000080000000, 0x0000000100000000)
  region size 1024K, 67 young (68608K), 9 survivors (9216K)
 Metaspace       used 135898K, committed 138176K, reserved 1179648K
  class space    used 18508K, committed 19648K, reserved 1048576K
}
Event: 28.679 GC heap after
{Heap after GC invocations=60 (full 0):
 garbage-first heap   total 252928K, used 180224K [0x0000000080000000, 0x0000000100000000)
  region size 1024K, 9 young (9216K), 9 survivors (9216K)
 Metaspace       used 135898K, committed 138176K, reserved 1179648K
  class space    used 18508K, committed 19648K, reserved 1048576K
}
Event: 29.012 GC heap before
{Heap before GC invocations=61 (full 0):
 garbage-first heap   total 301056K, used 226303K [0x0000000080000000, 0x0000000100000000)
  region size 1024K, 55 young (56320K), 9 survivors (9216K)
 Metaspace       used 137424K, committed 139648K, reserved 1179648K
  class space    used 18802K, committed 19904K, reserved 1048576K
}
Event: 29.023 GC heap after
{Heap after GC invocations=62 (full 0):
 garbage-first heap   total 301056K, used 188344K [0x0000000080000000, 0x0000000100000000)
  region size 1024K, 7 young (7168K), 7 survivors (7168K)
 Metaspace       used 137424K, committed 139648K, reserved 1179648K
  class space    used 18802K, committed 19904K, reserved 1048576K
}
Event: 29.160 GC heap before
{Heap before GC invocations=62 (full 0):
 garbage-first heap   total 301056K, used 269240K [0x0000000080000000, 0x0000000100000000)
  region size 1024K, 86 young (88064K), 7 survivors (7168K)
 Metaspace       used 138115K, committed 140352K, reserved 1179648K
  class space    used 18924K, committed 20032K, reserved 1048576K
}
Event: 29.176 GC heap after
{Heap after GC invocations=63 (full 0):
 garbage-first heap   total 301056K, used 199909K [0x0000000080000000, 0x0000000100000000)
  region size 1024K, 11 young (11264K), 11 survivors (11264K)
 Metaspace       used 138115K, committed 140352K, reserved 1179648K
  class space    used 18924K, committed 20032K, reserved 1048576K
}
Event: 29.848 GC heap before
{Heap before GC invocations=63 (full 0):
 garbage-first heap   total 301056K, used 270565K [0x0000000080000000, 0x0000000100000000)
  region size 1024K, 81 young (82944K), 11 survivors (11264K)
 Metaspace       used 142068K, committed 144320K, reserved 1179648K
  class space    used 19598K, committed 20736K, reserved 1048576K
}
Event: 29.861 GC heap after
{Heap after GC invocations=64 (full 0):
 garbage-first heap   total 301056K, used 206079K [0x0000000080000000, 0x0000000100000000)
  region size 1024K, 6 young (6144K), 6 survivors (6144K)
 Metaspace       used 142068K, committed 144320K, reserved 1179648K
  class space    used 19598K, committed 20736K, reserved 1048576K
}
Event: 30.506 GC heap before
{Heap before GC invocations=65 (full 0):
 garbage-first heap   total 345088K, used 275711K [0x0000000080000000, 0x0000000100000000)
  region size 1024K, 74 young (75776K), 6 survivors (6144K)
 Metaspace       used 143044K, committed 145344K, reserved 1179648K
  class space    used 19748K, committed 20864K, reserved 1048576K
}
Event: 30.515 GC heap after
{Heap after GC invocations=66 (full 0):
 garbage-first heap   total 345088K, used 206117K [0x0000000080000000, 0x0000000100000000)
  region size 1024K, 6 young (6144K), 6 survivors (6144K)
 Metaspace       used 143044K, committed 145344K, reserved 1179648K
  class space    used 19748K, committed 20864K, reserved 1048576K
}

Dll operation events (3 events):
Event: 0.012 Loaded shared library C:\Program Files\Android\Android Studio\jbr\bin\java.dll
Event: 0.020 Loaded shared library C:\Program Files\Android\Android Studio\jbr\bin\zip.dll
Event: 0.806 Loaded shared library C:\Program Files\Android\Android Studio\jbr\bin\verify.dll

Deoptimization events (20 events):
Event: 30.533 Thread 0x000001d1d1b128b0 DEOPT PACKING pc=0x000001d1b6461cb8 sp=0x000000a86ecf9e00
Event: 30.534 Thread 0x000001d1d1b128b0 DEOPT UNPACKING pc=0x000001d1bbe94e42 sp=0x000000a86ecf9388 mode 0
Event: 30.684 Thread 0x000001d1d1b128b0 DEOPT PACKING pc=0x000001d1b4f9264a sp=0x000000a86ecf9620
Event: 30.684 Thread 0x000001d1d1b128b0 DEOPT UNPACKING pc=0x000001d1bbe94e42 sp=0x000000a86ecf8ab0 mode 0
Event: 30.840 Thread 0x000001d1d1b13c60 Uncommon trap: trap_request=0xffffff45 fr.pc=0x000001d1bc75fed8 relative=0x0000000000000138
Event: 30.840 Thread 0x000001d1d1b13c60 Uncommon trap: reason=unstable_if action=reinterpret pc=0x000001d1bc75fed8 method=com.android.tools.r8.internal.ta1.j(I)Lcom/android/tools/r8/internal/qa1; @ 91 c2
Event: 30.840 Thread 0x000001d1d1b13c60 DEOPT PACKING pc=0x000001d1bc75fed8 sp=0x000000a86edf9f90
Event: 30.840 Thread 0x000001d1d1b13c60 DEOPT UNPACKING pc=0x000001d1bbe946a2 sp=0x000000a86edf9f10 mode 2
Event: 30.863 Thread 0x000001d1d1b128b0 DEOPT PACKING pc=0x000001d1b6469283 sp=0x000000a86ecf9bd0
Event: 30.863 Thread 0x000001d1d1b128b0 DEOPT UNPACKING pc=0x000001d1bbe94e42 sp=0x000000a86ecf90b8 mode 0
Event: 30.879 Thread 0x000001d1d1b128b0 DEOPT PACKING pc=0x000001d1b63841bd sp=0x000000a86ecf9c10
Event: 30.879 Thread 0x000001d1d1b128b0 DEOPT UNPACKING pc=0x000001d1bbe94e42 sp=0x000000a86ecf91f0 mode 0
Event: 30.889 Thread 0x000001d1d1b11500 Uncommon trap: trap_request=0xffffffc6 fr.pc=0x000001d1bcb66f10 relative=0x0000000000000ad0
Event: 30.889 Thread 0x000001d1d1b11500 Uncommon trap: reason=bimorphic_or_optimized_type_check action=maybe_recompile pc=0x000001d1bcb66f10 method=java.security.MessageDigest$Delegate.clone()Ljava/lang/Object; @ 15 c2
Event: 30.889 Thread 0x000001d1d1b11500 DEOPT PACKING pc=0x000001d1bcb66f10 sp=0x000000a86eaf8e80
Event: 30.889 Thread 0x000001d1d1b11500 DEOPT UNPACKING pc=0x000001d1bbe946a2 sp=0x000000a86eaf8e58 mode 2
Event: 30.900 Thread 0x000001d1d1b11500 Uncommon trap: trap_request=0xffffffc6 fr.pc=0x000001d1bcb66f10 relative=0x0000000000000ad0
Event: 30.900 Thread 0x000001d1d1b11500 Uncommon trap: reason=bimorphic_or_optimized_type_check action=maybe_recompile pc=0x000001d1bcb66f10 method=java.security.MessageDigest$Delegate.clone()Ljava/lang/Object; @ 15 c2
Event: 30.900 Thread 0x000001d1d1b11500 DEOPT PACKING pc=0x000001d1bcb66f10 sp=0x000000a86eaf9bb0
Event: 30.900 Thread 0x000001d1d1b11500 DEOPT UNPACKING pc=0x000001d1bbe946a2 sp=0x000000a86eaf9b88 mode 2

Classes loaded (20 events):
Event: 27.132 Loading class java/io/UTFDataFormatException
Event: 27.133 Loading class java/io/UTFDataFormatException done
Event: 27.340 Loading class java/util/concurrent/RejectedExecutionException
Event: 27.340 Loading class java/util/concurrent/RejectedExecutionException done
Event: 29.436 Loading class java/util/IdentityHashMap$EntrySpliterator
Event: 29.440 Loading class java/util/IdentityHashMap$IdentityHashMapSpliterator
Event: 29.440 Loading class java/util/IdentityHashMap$IdentityHashMapSpliterator done
Event: 29.440 Loading class java/util/IdentityHashMap$EntrySpliterator done
Event: 29.479 Loading class java/util/SortedSet$1
Event: 29.481 Loading class java/util/SortedSet$1 done
Event: 29.488 Loading class java/util/stream/SliceOps
Event: 29.489 Loading class java/util/stream/SliceOps done
Event: 29.490 Loading class java/util/stream/SliceOps$1
Event: 29.491 Loading class java/util/stream/SliceOps$1 done
Event: 29.495 Loading class java/util/stream/SliceOps$1$1
Event: 29.496 Loading class java/util/stream/SliceOps$1$1 done
Event: 29.506 Loading class java/util/PriorityQueue
Event: 29.509 Loading class java/util/PriorityQueue done
Event: 29.532 Loading class java/util/IdentityHashMap$ValueIterator
Event: 29.534 Loading class java/util/IdentityHashMap$ValueIterator done

Classes unloaded (12 events):
Event: 30.090 Thread 0x000001d1c8e7a960 Unloading class 0x0000000101380800 'java/lang/invoke/LambdaForm$DMH+0x0000000101380800'
Event: 30.090 Thread 0x000001d1c8e7a960 Unloading class 0x0000000101380400 'java/lang/invoke/LambdaForm$DMH+0x0000000101380400'
Event: 30.090 Thread 0x000001d1c8e7a960 Unloading class 0x0000000101381000 'java/lang/invoke/LambdaForm$DMH+0x0000000101381000'
Event: 30.090 Thread 0x000001d1c8e7a960 Unloading class 0x0000000101380c00 'java/lang/invoke/LambdaForm$DMH+0x0000000101380c00'
Event: 30.090 Thread 0x000001d1c8e7a960 Unloading class 0x0000000101355000 'java/lang/invoke/LambdaForm$DMH+0x0000000101355000'
Event: 30.090 Thread 0x000001d1c8e7a960 Unloading class 0x0000000101354c00 'java/lang/invoke/LambdaForm$DMH+0x0000000101354c00'
Event: 30.090 Thread 0x000001d1c8e7a960 Unloading class 0x0000000101354000 'java/lang/invoke/LambdaForm$DMH+0x0000000101354000'
Event: 30.090 Thread 0x000001d1c8e7a960 Unloading class 0x00000001012e9400 'java/lang/invoke/LambdaForm$DMH+0x00000001012e9400'
Event: 30.090 Thread 0x000001d1c8e7a960 Unloading class 0x00000001012e8800 'java/lang/invoke/LambdaForm$DMH+0x00000001012e8800'
Event: 30.090 Thread 0x000001d1c8e7a960 Unloading class 0x00000001012e8000 'java/lang/invoke/LambdaForm$DMH+0x00000001012e8000'
Event: 30.090 Thread 0x000001d1c8e7a960 Unloading class 0x00000001012e8400 'java/lang/invoke/LambdaForm$DMH+0x00000001012e8400'
Event: 30.090 Thread 0x000001d1c8e7a960 Unloading class 0x00000001012e8c00 'java/lang/invoke/LambdaForm$DMH+0x00000001012e8c00'

Classes redefined (0 events):
No events

Internal exceptions (20 events):
Event: 28.884 Thread 0x000001d1d1b15010 Exception <a 'java/lang/NoSuchMethodError'{0x000000008e3e4d60}: 'void java.lang.invoke.DirectMethodHandle$Holder.invokeSpecial(java.lang.Object, java.lang.Object, java.lang.Object, java.lang.Object, int)'> (0x000000008e3e4d60) 
thrown [s\src\hotspot\share\interpreter\linkResolver.cpp, line 784]
Event: 28.884 Thread 0x000001d1d0bc7900 Exception <a 'java/lang/NoSuchMethodError'{0x000000008e386290}: 'void java.lang.invoke.DirectMethodHandle$Holder.invokeSpecial(java.lang.Object, java.lang.Object, java.lang.Object, java.lang.Object, int)'> (0x000000008e386290) 
thrown [s\src\hotspot\share\interpreter\linkResolver.cpp, line 784]
Event: 29.156 Thread 0x000001d1d1b15010 Exception <a 'java/lang/IncompatibleClassChangeError'{0x000000008cc5f5a0}: Found class java.lang.Object, but interface was expected> (0x000000008cc5f5a0) 
thrown [s\src\hotspot\share\interpreter\linkResolver.cpp, line 851]
Event: 29.156 Thread 0x000001d1d0bc7900 Exception <a 'java/lang/IncompatibleClassChangeError'{0x000000008cc4f300}: Found class java.lang.Object, but interface was expected> (0x000000008cc4f300) 
thrown [s\src\hotspot\share\interpreter\linkResolver.cpp, line 851]
Event: 29.156 Thread 0x000001d1d1b15010 Exception <a 'java/lang/IncompatibleClassChangeError'{0x000000008cccc0c8}: Found class java.lang.Object, but interface was expected> (0x000000008cccc0c8) 
thrown [s\src\hotspot\share\interpreter\linkResolver.cpp, line 851]
Event: 29.157 Thread 0x000001d1d0bc7900 Exception <a 'java/lang/IncompatibleClassChangeError'{0x000000008ccdcb30}: Found class java.lang.Object, but interface was expected> (0x000000008ccdcb30) 
thrown [s\src\hotspot\share\interpreter\linkResolver.cpp, line 851]
Event: 29.362 Thread 0x000001d1d1b128b0 Exception <a 'java/lang/NoSuchMethodError'{0x000000008fedf2c0}: 'void java.lang.invoke.DirectMethodHandle$Holder.invokeSpecial(java.lang.Object, java.lang.Object, int, java.lang.Object)'> (0x000000008fedf2c0) 
thrown [s\src\hotspot\share\interpreter\linkResolver.cpp, line 784]
Event: 29.363 Thread 0x000001d1d1b12f40 Exception <a 'java/lang/NoSuchMethodError'{0x00000000901c22e0}: 'void java.lang.invoke.DirectMethodHandle$Holder.invokeSpecial(java.lang.Object, java.lang.Object, int, java.lang.Object)'> (0x00000000901c22e0) 
thrown [s\src\hotspot\share\interpreter\linkResolver.cpp, line 784]
Event: 29.363 Thread 0x000001d1d0bc7900 Exception <a 'java/lang/NoSuchMethodError'{0x0000000090120270}: 'void java.lang.invoke.DirectMethodHandle$Holder.invokeSpecial(java.lang.Object, java.lang.Object, int, java.lang.Object)'> (0x0000000090120270) 
thrown [s\src\hotspot\share\interpreter\linkResolver.cpp, line 784]
Event: 29.543 Thread 0x000001d1d1b11500 Exception <a 'java/lang/NoSuchMethodError'{0x000000008f0dcc10}: 'void java.lang.invoke.DirectMethodHandle$Holder.invokeVirtual(java.lang.Object, java.lang.Object, int)'> (0x000000008f0dcc10) 
thrown [s\src\hotspot\share\interpreter\linkResolver.cpp, line 784]
Event: 29.543 Thread 0x000001d1d1b15010 Exception <a 'java/lang/NoSuchMethodError'{0x000000008efdd928}: 'void java.lang.invoke.DirectMethodHandle$Holder.invokeVirtual(java.lang.Object, java.lang.Object, int)'> (0x000000008efdd928) 
thrown [s\src\hotspot\share\interpreter\linkResolver.cpp, line 784]
Event: 29.543 Thread 0x000001d1d1b11b90 Exception <a 'java/lang/NoSuchMethodError'{0x000000008ef1c590}: 'void java.lang.invoke.DirectMethodHandle$Holder.invokeVirtual(java.lang.Object, java.lang.Object, int)'> (0x000000008ef1c590) 
thrown [s\src\hotspot\share\interpreter\linkResolver.cpp, line 784]
Event: 29.543 Thread 0x000001d1d1b13c60 Exception <a 'java/lang/NoSuchMethodError'{0x000000008ef90f90}: 'void java.lang.invoke.DirectMethodHandle$Holder.invokeVirtual(java.lang.Object, java.lang.Object, int)'> (0x000000008ef90f90) 
thrown [s\src\hotspot\share\interpreter\linkResolver.cpp, line 784]
Event: 29.565 Thread 0x000001d1d1b128b0 Exception <a 'java/lang/NoSuchMethodError'{0x000000008ed46278}: 'int java.lang.invoke.DirectMethodHandle$Holder.invokeSpecial(java.lang.Object, java.lang.Object, java.lang.Object, int, java.lang.Object)'> (0x000000008ed46278) 
thrown [s\src\hotspot\share\interpreter\linkResolver.cpp, line 784]
Event: 29.565 Thread 0x000001d1d1b12f40 Exception <a 'java/lang/NoSuchMethodError'{0x000000008eeac720}: 'int java.lang.invoke.DirectMethodHandle$Holder.invokeSpecial(java.lang.Object, java.lang.Object, java.lang.Object, int, java.lang.Object)'> (0x000000008eeac720) 
thrown [s\src\hotspot\share\interpreter\linkResolver.cpp, line 784]
Event: 29.565 Thread 0x000001d1d0bc7900 Exception <a 'java/lang/NoSuchMethodError'{0x000000008ed7c1c8}: 'int java.lang.invoke.DirectMethodHandle$Holder.invokeSpecial(java.lang.Object, java.lang.Object, java.lang.Object, int, java.lang.Object)'> (0x000000008ed7c1c8) 
thrown [s\src\hotspot\share\interpreter\linkResolver.cpp, line 784]
Event: 29.672 Thread 0x000001d1d0bc7900 Exception <a 'java/lang/NoSuchMethodError'{0x000000008e7648c0}: 'java.lang.Object java.lang.invoke.DirectMethodHandle$Holder.invokeInterface(java.lang.Object, java.lang.Object, int)'> (0x000000008e7648c0) 
thrown [s\src\hotspot\share\interpreter\linkResolver.cpp, line 784]
Event: 29.755 Thread 0x000001d1d0bc7900 Exception <a 'java/lang/NoSuchMethodError'{0x000000008e2898d0}: 'int java.lang.invoke.DirectMethodHandle$Holder.invokeInterface(java.lang.Object, java.lang.Object, int)'> (0x000000008e2898d0) 
thrown [s\src\hotspot\share\interpreter\linkResolver.cpp, line 784]
Event: 29.957 Thread 0x000001d1d1b15010 Exception <a 'java/lang/NoSuchMethodError'{0x0000000091d45ed0}: 'void java.lang.invoke.DirectMethodHandle$Holder.invokeStatic(java.lang.Object, int)'> (0x0000000091d45ed0) 
thrown [s\src\hotspot\share\interpreter\linkResolver.cpp, line 784]
Event: 30.901 Thread 0x000001d1d1b11500 Exception <a 'java/lang/IncompatibleClassChangeError'{0x000000008f577450}: Found class java.lang.Object, but interface was expected> (0x000000008f577450) 
thrown [s\src\hotspot\share\interpreter\linkResolver.cpp, line 851]

ZGC Phase Switch (0 events):
No events

VM Operations (20 events):
Event: 29.984 Executing VM operation: ICBufferFull done
Event: 30.085 Executing VM operation: G1PauseRemark
Event: 30.146 Executing VM operation: G1PauseRemark done
Event: 30.198 Executing VM operation: HandshakeAllThreads (Deoptimize)
Event: 30.209 Executing VM operation: HandshakeAllThreads (Deoptimize) done
Event: 30.261 Executing VM operation: G1PauseCleanup
Event: 30.265 Executing VM operation: G1PauseCleanup done
Event: 30.265 Executing VM operation: HandshakeAllThreads (Deoptimize)
Event: 30.266 Executing VM operation: HandshakeAllThreads (Deoptimize) done
Event: 30.489 Executing VM operation: G1CollectForAllocation (G1 Evacuation Pause)
Event: 30.515 Executing VM operation: G1CollectForAllocation (G1 Evacuation Pause) done
Event: 30.516 Executing VM operation: HandshakeAllThreads (Deoptimize)
Event: 30.522 Executing VM operation: HandshakeAllThreads (Deoptimize) done
Event: 30.621 Executing VM operation: ICBufferFull
Event: 30.621 Executing VM operation: ICBufferFull done
Event: 30.755 Executing VM operation: ICBufferFull
Event: 30.756 Executing VM operation: ICBufferFull done
Event: 30.759 Executing VM operation: HandshakeAllThreads (Deoptimize)
Event: 30.776 Executing VM operation: HandshakeAllThreads (Deoptimize) done
Event: 31.786 Executing VM operation: Cleanup

Memory protections (0 events):
No events

Nmethod flushes (20 events):
Event: 30.141 Thread 0x000001d1c8e7a960 flushing  nmethod 0x000001d1b54b2a10
Event: 30.141 Thread 0x000001d1c8e7a960 flushing  nmethod 0x000001d1b54ec890
Event: 30.141 Thread 0x000001d1c8e7a960 flushing  nmethod 0x000001d1b562c110
Event: 30.141 Thread 0x000001d1c8e7a960 flushing  nmethod 0x000001d1b5690c10
Event: 30.141 Thread 0x000001d1c8e7a960 flushing  nmethod 0x000001d1b5b5ac10
Event: 30.141 Thread 0x000001d1c8e7a960 flushing  nmethod 0x000001d1b5d76990
Event: 30.141 Thread 0x000001d1c8e7a960 flushing  nmethod 0x000001d1b6371f10
Event: 30.141 Thread 0x000001d1c8e7a960 flushing  nmethod 0x000001d1b6372710
Event: 30.141 Thread 0x000001d1c8e7a960 flushing  nmethod 0x000001d1b6372e10
Event: 30.141 Thread 0x000001d1c8e7a960 flushing  nmethod 0x000001d1b6373e90
Event: 30.141 Thread 0x000001d1c8e7a960 flushing  nmethod 0x000001d1b6375490
Event: 30.141 Thread 0x000001d1c8e7a960 flushing  nmethod 0x000001d1b6376090
Event: 30.141 Thread 0x000001d1c8e7a960 flushing  nmethod 0x000001d1b6376590
Event: 30.141 Thread 0x000001d1c8e7a960 flushing  nmethod 0x000001d1b6376a10
Event: 30.141 Thread 0x000001d1c8e7a960 flushing  nmethod 0x000001d1b6377810
Event: 30.141 Thread 0x000001d1c8e7a960 flushing  nmethod 0x000001d1b63b5310
Event: 30.141 Thread 0x000001d1c8e7a960 flushing  nmethod 0x000001d1b63bb390
Event: 30.141 Thread 0x000001d1c8e7a960 flushing  nmethod 0x000001d1b63bdf90
Event: 30.141 Thread 0x000001d1c8e7a960 flushing  nmethod 0x000001d1b63be790
Event: 30.141 Thread 0x000001d1c8e7a960 flushing  nmethod 0x000001d1b63bee10

Events (20 events):
Event: 23.558 Thread 0x000001d1ce2d2660 Thread added: 0x000001d1dabeb040
Event: 23.559 Thread 0x000001d1ce2d2660 Thread added: 0x000001d1dabe88e0
Event: 23.560 Thread 0x000001d1ce2d2660 Thread added: 0x000001d1dabe8250
Event: 23.560 Thread 0x000001d1ce2d2660 Thread added: 0x000001d1dabe8f70
Event: 23.561 Thread 0x000001d1ce2d2660 Thread added: 0x000001d1dabe9600
Event: 23.562 Thread 0x000001d1ce2d2660 Thread added: 0x000001d1dabe7bc0
Event: 23.562 Thread 0x000001d1ce2d2660 Thread added: 0x000001d1dabed110
Event: 23.680 Thread 0x000001d1d0bc6be0 Thread added: 0x000001d1dabea9b0
Event: 23.718 Thread 0x000001d1d0bc6be0 Thread added: 0x000001d1dabeb6d0
Event: 23.719 Thread 0x000001d1d0bc6be0 Thread added: 0x000001d1dabec3f0
Event: 23.719 Thread 0x000001d1d0bc6be0 Thread added: 0x000001d1dabebd60
Event: 24.086 Thread 0x000001d1ce5672d0 Thread added: 0x000001d1dabea320
Event: 24.593 Thread 0x000001d1d101dfa0 Thread exited: 0x000001d1d101dfa0
Event: 24.856 Thread 0x000001d1ce5672d0 Thread added: 0x000001d1d433be50
Event: 24.856 Thread 0x000001d1ce5672d0 Thread added: 0x000001d1d433c4e0
Event: 24.857 Thread 0x000001d1ce565890 Thread added: 0x000001d1d433d200
Event: 24.857 Thread 0x000001d1ce565890 Thread added: 0x000001d1d433f960
Event: 25.136 Thread 0x000001d1cd0b24b0 Thread added: 0x000001d1d101dfa0
Event: 26.575 Thread 0x000001d1d0bc6be0 Thread added: 0x000001d1d4333480
Event: 27.165 Thread 0x000001d1d101dfa0 Thread exited: 0x000001d1d101dfa0


Dynamic libraries:
0x00007ff6e8060000 - 0x00007ff6e806a000 	C:\Program Files\Android\Android Studio\jbr\bin\java.exe
0x00007ffcf6620000 - 0x00007ffcf6887000 	C:\WINDOWS\SYSTEM32\ntdll.dll
0x00007ffcf5350000 - 0x00007ffcf5419000 	C:\WINDOWS\System32\KERNEL32.DLL
0x00007ffcf3a50000 - 0x00007ffcf3e44000 	C:\WINDOWS\System32\KERNELBASE.dll
0x00007ffcf2ef0000 - 0x00007ffcf303b000 	C:\WINDOWS\System32\ucrtbase.dll
0x00007ffce47f0000 - 0x00007ffce4808000 	C:\Program Files\Android\Android Studio\jbr\bin\jli.dll
0x00007ffce28f0000 - 0x00007ffce290b000 	C:\Program Files\Android\Android Studio\jbr\bin\VCRUNTIME140.dll
0x00007ffcf6410000 - 0x00007ffcf65d5000 	C:\WINDOWS\System32\USER32.dll
0x00007ffce2200000 - 0x00007ffce2493000 	C:\WINDOWS\WinSxS\amd64_microsoft.windows.common-controls_6595b64144ccf1df_6.0.26100.8115_none_3e075c82e3354f9c\COMCTL32.dll
0x00007ffcf3040000 - 0x00007ffcf3067000 	C:\WINDOWS\System32\win32u.dll
0x00007ffcf52a0000 - 0x00007ffcf5349000 	C:\WINDOWS\System32\msvcrt.dll
0x00007ffcf5030000 - 0x00007ffcf505b000 	C:\WINDOWS\System32\GDI32.dll
0x00007ffcf3f00000 - 0x00007ffcf402b000 	C:\WINDOWS\System32\gdi32full.dll
0x00007ffcf3e50000 - 0x00007ffcf3ef3000 	C:\WINDOWS\System32\msvcp_win.dll
0x00007ffcf5420000 - 0x00007ffcf5452000 	C:\WINDOWS\System32\IMM32.DLL
0x00007ffce5410000 - 0x00007ffce541c000 	C:\Program Files\Android\Android Studio\jbr\bin\vcruntime140_1.dll
0x00007ffcd5500000 - 0x00007ffcd558d000 	C:\Program Files\Android\Android Studio\jbr\bin\msvcp140.dll
0x00007ffc7f180000 - 0x00007ffc7fe0e000 	C:\Program Files\Android\Android Studio\jbr\bin\server\jvm.dll
0x00007ffcf5680000 - 0x00007ffcf5736000 	C:\WINDOWS\System32\ADVAPI32.dll
0x00007ffcf4590000 - 0x00007ffcf4637000 	C:\WINDOWS\System32\sechost.dll
0x00007ffcf5740000 - 0x00007ffcf5858000 	C:\WINDOWS\System32\RPCRT4.dll
0x00007ffcf5460000 - 0x00007ffcf54e0000 	C:\WINDOWS\System32\WS2_32.dll
0x00007ffce80c0000 - 0x00007ffce80cb000 	C:\WINDOWS\SYSTEM32\VERSION.dll
0x00007ffce8820000 - 0x00007ffce8856000 	C:\WINDOWS\SYSTEM32\WINMM.dll
0x00007ffcf2d50000 - 0x00007ffcf2dae000 	C:\WINDOWS\SYSTEM32\POWRPROF.dll
0x00007ffcf2d30000 - 0x00007ffcf2d44000 	C:\WINDOWS\SYSTEM32\UMPDC.dll
0x00007ffcf1c80000 - 0x00007ffcf1c9b000 	C:\WINDOWS\SYSTEM32\kernel.appcore.dll
0x00007ffce2d40000 - 0x00007ffce2d4a000 	C:\Program Files\Android\Android Studio\jbr\bin\jimage.dll
0x00007ffce8580000 - 0x00007ffce87c2000 	C:\WINDOWS\SYSTEM32\DBGHELP.DLL
0x00007ffcf5e60000 - 0x00007ffcf61e2000 	C:\WINDOWS\System32\combase.dll
0x00007ffcf5590000 - 0x00007ffcf5668000 	C:\WINDOWS\System32\OLEAUT32.dll
0x00007ffcf0760000 - 0x00007ffcf079b000 	C:\WINDOWS\SYSTEM32\dbgcore.DLL
0x00007ffcf3070000 - 0x00007ffcf3115000 	C:\WINDOWS\System32\bcryptPrimitives.dll
0x00007ffce4de0000 - 0x00007ffce4dee000 	C:\Program Files\Android\Android Studio\jbr\bin\instrument.dll
0x00007ffcd7510000 - 0x00007ffcd7530000 	C:\Program Files\Android\Android Studio\jbr\bin\java.dll
0x00007ffcd74f0000 - 0x00007ffcd7508000 	C:\Program Files\Android\Android Studio\jbr\bin\zip.dll
0x00007ffcf48b0000 - 0x00007ffcf5017000 	C:\WINDOWS\System32\SHELL32.dll
0x00007ffcf4030000 - 0x00007ffcf419a000 	C:\WINDOWS\System32\wintypes.dll
0x00007ffcf3120000 - 0x00007ffcf3988000 	C:\WINDOWS\System32\windows.storage.dll
0x00007ffcf5060000 - 0x00007ffcf5158000 	C:\WINDOWS\System32\SHCORE.dll
0x00007ffcf5160000 - 0x00007ffcf51c6000 	C:\WINDOWS\System32\shlwapi.dll
0x00007ffcf2e10000 - 0x00007ffcf2e39000 	C:\WINDOWS\SYSTEM32\profapi.dll
0x00007ffcd82a0000 - 0x00007ffcd82b0000 	C:\Program Files\Android\Android Studio\jbr\bin\net.dll
0x00007ffcec640000 - 0x00007ffcec76d000 	C:\WINDOWS\SYSTEM32\WINHTTP.dll
0x00007ffcf21f0000 - 0x00007ffcf225c000 	C:\WINDOWS\system32\mswsock.dll
0x00007ffcd5590000 - 0x00007ffcd55a6000 	C:\Program Files\Android\Android Studio\jbr\bin\nio.dll
0x00007ffce4df0000 - 0x00007ffce4e00000 	C:\Program Files\Android\Android Studio\jbr\bin\verify.dll
0x00007ffcd7600000 - 0x00007ffcd7627000 	C:\Users\user\.gradle\native\1def1411415f61bf3af743bc5b6707747c0891f09f0c88961ee8f79bc544acac\windows-amd64\native-platform.dll
0x00007ffcd5480000 - 0x00007ffcd54f8000 	C:\Users\user\.gradle\native\0.2.7\x86_64-windows-gnu\gradle-fileevents.dll
0x00007ffcd7690000 - 0x00007ffcd7699000 	C:\Program Files\Android\Android Studio\jbr\bin\management.dll
0x00007ffcd74e0000 - 0x00007ffcd74eb000 	C:\Program Files\Android\Android Studio\jbr\bin\management_ext.dll
0x00007ffcf51d0000 - 0x00007ffcf51d8000 	C:\WINDOWS\System32\PSAPI.DLL
0x00007ffcf1680000 - 0x00007ffcf16b2000 	C:\WINDOWS\SYSTEM32\IPHLPAPI.DLL
0x00007ffcf4640000 - 0x00007ffcf464a000 	C:\WINDOWS\System32\NSI.dll
0x00007ffcd7aa0000 - 0x00007ffcd7aa9000 	C:\Program Files\Android\Android Studio\jbr\bin\extnet.dll
0x00007ffcf24e0000 - 0x00007ffcf24fb000 	C:\WINDOWS\SYSTEM32\CRYPTSP.dll
0x00007ffcf1be0000 - 0x00007ffcf1c19000 	C:\WINDOWS\system32\rsaenh.dll
0x00007ffcf22a0000 - 0x00007ffcf22d3000 	C:\WINDOWS\SYSTEM32\USERENV.dll
0x00007ffcf2de0000 - 0x00007ffcf2e0a000 	C:\WINDOWS\SYSTEM32\bcrypt.dll
0x00007ffcf24d0000 - 0x00007ffcf24dc000 	C:\WINDOWS\SYSTEM32\CRYPTBASE.dll
0x00007ffce2cb0000 - 0x00007ffce2cb8000 	C:\WINDOWS\system32\wshunix.dll
0x00007ffc9ebe0000 - 0x00007ffc9ebf8000 	C:\WINDOWS\system32\napinsp.dll
0x00007ffcf1710000 - 0x00007ffcf1842000 	C:\WINDOWS\SYSTEM32\DNSAPI.dll
0x00007ffc9ec00000 - 0x00007ffc9ec13000 	C:\WINDOWS\System32\winrnr.dll
0x00007ffc9ec20000 - 0x00007ffc9ec42000 	C:\WINDOWS\system32\nlansp_c.dll
0x00007ffccfa60000 - 0x00007ffccfa76000 	C:\WINDOWS\system32\wshbth.dll
0x00007ffcec7f0000 - 0x00007ffcec7fb000 	C:\Windows\System32\rasadhlp.dll
0x00007ffcee090000 - 0x00007ffcee116000 	C:\WINDOWS\System32\fwpuclnt.dll
0x00007ffcf07a0000 - 0x00007ffcf083f000 	C:\WINDOWS\system32\apphelp.dll

dbghelp: loaded successfully - version: 4.0.5 - missing functions: none
symbol engine: initialized successfully - sym options: 0x614 - pdb path: .;C:\Program Files\Android\Android Studio\jbr\bin;C:\WINDOWS\SYSTEM32;C:\WINDOWS\WinSxS\amd64_microsoft.windows.common-controls_6595b64144ccf1df_6.0.26100.8115_none_3e075c82e3354f9c;C:\Program Files\Android\Android Studio\jbr\bin\server;C:\Users\user\.gradle\native\1def1411415f61bf3af743bc5b6707747c0891f09f0c88961ee8f79bc544acac\windows-amd64;C:\Users\user\.gradle\native\0.2.7\x86_64-windows-gnu

VM Arguments:
jvm_args: --add-opens=java.base/java.lang=ALL-UNNAMED --add-opens=java.base/java.lang.invoke=ALL-UNNAMED --add-opens=java.base/java.util=ALL-UNNAMED --add-opens=java.prefs/java.util.prefs=ALL-UNNAMED --add-exports=jdk.compiler/com.sun.tools.javac.api=ALL-UNNAMED --add-exports=jdk.compiler/com.sun.tools.javac.util=ALL-UNNAMED --add-opens=java.base/java.util=ALL-UNNAMED --add-opens=java.prefs/java.util.prefs=ALL-UNNAMED --add-opens=java.base/java.nio.charset=ALL-UNNAMED --add-opens=java.base/java.net=ALL-UNNAMED --add-opens=java.base/java.util.concurrent.atomic=ALL-UNNAMED --add-opens=java.xml/javax.xml.namespace=ALL-UNNAMED -Xmx2048m -Dfile.encoding=UTF-8 -Duser.country=ID -Duser.language=en -Duser.variant -javaagent:C:\Users\user\.gradle\wrapper\dists\gradle-8.13-bin\5xuhj0ry160q40clulazy9h7d\gradle-8.13\lib\agents\gradle-instrumentation-agent-8.13.jar 
java_command: org.gradle.launcher.daemon.bootstrap.GradleDaemon 8.13
java_class_path (initial): C:\Users\user\.gradle\wrapper\dists\gradle-8.13-bin\5xuhj0ry160q40clulazy9h7d\gradle-8.13\lib\gradle-daemon-main-8.13.jar
Launcher Type: SUN_STANDARD

[Global flags]
     intx CICompilerCount                          = 4                                         {product} {ergonomic}
     uint ConcGCThreads                            = 2                                         {product} {ergonomic}
     uint G1ConcRefinementThreads                  = 8                                         {product} {ergonomic}
   size_t G1HeapRegionSize                         = 1048576                                   {product} {ergonomic}
    uintx GCDrainStackTargetSize                   = 64                                        {product} {ergonomic}
   size_t InitialHeapSize                          = 96468992                                  {product} {ergonomic}
   size_t MarkStackSize                            = 4194304                                   {product} {ergonomic}
   size_t MaxHeapSize                              = 2147483648                                {product} {command line}
   size_t MaxNewSize                               = 1287651328                                {product} {ergonomic}
   size_t MinHeapDeltaBytes                        = 1048576                                   {product} {ergonomic}
   size_t MinHeapSize                              = 8388608                                   {product} {ergonomic}
    uintx NonNMethodCodeHeapSize                   = 5839372                                {pd product} {ergonomic}
    uintx NonProfiledCodeHeapSize                  = 122909434                              {pd product} {ergonomic}
    uintx ProfiledCodeHeapSize                     = 122909434                              {pd product} {ergonomic}
    uintx ReservedCodeCacheSize                    = 251658240                              {pd product} {ergonomic}
     bool SegmentedCodeCache                       = true                                      {product} {ergonomic}
   size_t SoftMaxHeapSize                          = 2147483648                             {manageable} {ergonomic}
     bool UseCompressedOops                        = true                           {product lp64_product} {ergonomic}
     bool UseG1GC                                  = true                                      {product} {ergonomic}
     bool UseLargePagesIndividualAllocation        = false                                  {pd product} {ergonomic}

Logging:
Log output configuration:
 #0: stdout all=warning uptime,level,tags foldmultilines=false
 #1: stderr all=off uptime,level,tags foldmultilines=false

Environment Variables:
PATH=C:\Users\user\flutter\bin;C:\Program Files\Common Files\Oracle\Java\javapath;C:\Users\user\AppData\Local\Programs\Python\Python310\;C:\Users\user\AppData\Local\Programs\Python\Python310\Scripts\;C:\WINDOWS\system32;C:\WINDOWS;C:\WINDOWS\System32\Wbem;C:\WINDOWS\System32\WindowsPowerShell\v1.0\;C:\WINDOWS\System32\OpenSSH\;C:\Dev-Cpp\bin\MinGW;C:\laragon\bin\php\php-8.3.16-Win32-vs16-x64;C:\Program Files\Git\cmd;C:\Program Files\Java\jdk-19;C:\Users\user\.conda;C:\Users\user\miniconda3;C:\Users\user\anaconda3;C:\Users\user\AppData\Local\Android\Sdk;C:\Users\user\AppData\Local\Android\Sdk\platform-tools;C:\php8.4;C:\composer;C:\xampp\php;C:\Program Files\nodejs\;C:\Users\user\AppData\Local\Programs\Python\Python310\Scripts\;C:\Users\user\AppData\Local\Programs\Python\Python310\;C:\Users\user\AppData\Local\Programs\Python\Launcher\;C:\Users\user\AppData\Local\Microsoft\WindowsApps;C:\Users\user\AppData\Roaming\Composer\vendor\bin;C:\Users\user\AppData\Local\Android\Sdk;C:\Users\user\AppData\Local\Android\Sdk\platform-tools;C:\Users\user\AppData\Local\Programs\Microsoft VS Code\bin;C:\Users\user\AppData\Roaming\npm
USERNAME=user
OS=Windows_NT
PROCESSOR_IDENTIFIER=AMD64 Family 23 Model 160 Stepping 0, AuthenticAMD
TMP=C:\Users\user\AppData\Local\Temp
TEMP=C:\Users\user\AppData\Local\Temp




Periodic native trim disabled

JNI global refs:
JNI global refs: 29, weak refs: 216

JNI global refs memory usage: 835, weak refs: 2729

Process memory usage:
Resident Set Size: 547928K (9% of 6018300K total physical memory with 55904K free physical memory)

OOME stack traces (most recent first):
Classloader memory used:
Loader org.gradle.internal.classloader.VisitableURLClassLoader$InstrumentingVisitableURLClassLoader: 52109K
Loader org.gradle.internal.classloader.VisitableURLClassLoader                         : 46138K
Loader bootstrap                                                                       : 30814K
Loader org.gradle.initialization.MixInLegacyTypesClassLoader                           : 13069K
Loader jdk.internal.loader.ClassLoaders$PlatformClassLoader                            : 506K
Loader jdk.internal.reflect.DelegatingClassLoader                                      : 421K
Loader jdk.internal.loader.ClassLoaders$AppClassLoader                                 : 235K
Loader org.gradle.internal.classloader.VisitableURLClassLoader                         : 163K
Loader org.gradle.groovy.scripts.internal.DefaultScriptCompilationHandler$ScriptClassLoader: 135K
Loader org.codehaus.groovy.runtime.callsite.CallSiteClassLoader                        : 27360B
Loader sun.reflect.misc.MethodUtil                                                     : 2968B

Classes loaded by more than one classloader:
Class Program                                                                         : loaded 5 times (x 70B)
Class Build_gradle                                                                    : loaded 3 times (x 128B)
Class Build_gradle$1                                                                  : loaded 3 times (x 72B)
Class org.gradle.internal.classloader.FilteringClassLoader                            : loaded 2 times (x 103B)
Class [Lcom.google.common.base.AbstractIterator$State;                                : loaded 2 times (x 67B)
Class com.google.common.base.CharMatcher$IsEither                                     : loaded 2 times (x 109B)
Class org.gradle.internal.classloader.ClassLoaderHierarchy                            : loaded 2 times (x 68B)
Class com.google.common.collect.ImmutableEnumSet                                      : loaded 2 times (x 144B)
Class com.google.common.util.concurrent.ExecutionError                                : loaded 2 times (x 80B)
Class com.google.common.collect.ImmutableList$1                                       : loaded 2 times (x 95B)
Class org.gradle.api.internal.classpath.ManifestUtil                                  : loaded 2 times (x 69B)
Class com.google.common.io.ByteArrayDataOutput                                        : loaded 2 times (x 68B)
Class com.google.common.collect.RegularImmutableMap                                   : loaded 2 times (x 119B)
Class com.google.common.collect.ImmutableMap$MapViewOfValuesAsSingletonSets           : loaded 2 times (x 124B)
Class [Lorg.objectweb.asm.Symbol;                                                     : loaded 2 times (x 67B)
Class org.objectweb.asm.ClassVisitor                                                  : loaded 2 times (x 86B)
Class com.google.common.collect.UnmodifiableListIterator                              : loaded 2 times (x 93B)
Class com.google.common.base.Platform$JdkPatternCompiler                              : loaded 2 times (x 73B)
Class org.objectweb.asm.MethodTooLargeException                                       : loaded 2 times (x 81B)
Class [Lcom.google.common.cache.CacheBuilder$OneWeigher;                              : loaded 2 times (x 67B)
Class com.google.common.base.Suppliers                                                : loaded 2 times (x 69B)
Class org.gradle.internal.classloader.DefaultClassLoaderFactory                       : loaded 2 times (x 80B)
Class [Lcom.google.common.collect.AbstractIterator$State;                             : loaded 2 times (x 67B)
Class com.google.common.base.CharMatcher$None                                         : loaded 2 times (x 110B)
Class org.gradle.internal.classloader.ClassLoaderVisitor                              : loaded 2 times (x 74B)
Class [Lcom.google.common.collect.ImmutableMapEntry;                                  : loaded 2 times (x 67B)
Class org.gradle.api.internal.classpath.EffectiveClassPath                            : loaded 2 times (x 88B)
Class com.google.common.collect.ImmutableRangeSet                                     : loaded 2 times (x 113B)
Class com.google.common.collect.ListMultimap                                          : loaded 2 times (x 68B)
Class com.google.common.collect.ImmutableEnumMap                                      : loaded 2 times (x 124B)
Class com.google.common.base.Splitter                                                 : loaded 2 times (x 70B)
Class com.google.common.collect.Sets$1                                                : loaded 2 times (x 137B)
Class org.objectweb.asm.AnnotationVisitor                                             : loaded 2 times (x 76B)
Class org.gradle.api.internal.DefaultClassPathProvider                                : loaded 2 times (x 74B)
Class com.google.common.collect.Sets$2                                                : loaded 2 times (x 137B)
Class [Lorg.gradle.api.internal.ClassPathProvider;                                    : loaded 2 times (x 67B)
Class org.gradle.api.internal.ClassPathProvider                                       : loaded 2 times (x 68B)
Class com.google.common.base.AbstractIterator$State                                   : loaded 2 times (x 77B)
Class [Lorg.objectweb.asm.AnnotationVisitor;                                          : loaded 2 times (x 67B)
Class com.google.common.collect.Sets$3                                                : loaded 2 times (x 137B)
Class com.google.common.util.concurrent.AbstractFuture$SafeAtomicHelper               : loaded 2 times (x 77B)
Class com.google.common.cache.LocalCache$LocalLoadingCache                            : loaded 2 times (x 132B)
Class org.gradle.internal.service.UnknownServiceException                             : loaded 2 times (x 81B)
Class com.google.common.io.ByteArrayDataInput                                         : loaded 2 times (x 68B)
Class com.google.common.collect.Sets$4                                                : loaded 2 times (x 137B)
Class org.objectweb.asm.ModuleVisitor                                                 : loaded 2 times (x 79B)
Class com.google.common.cache.LocalCache$Strength$1                                   : loaded 2 times (x 79B)
Class com.google.common.util.concurrent.SettableFuture                                : loaded 2 times (x 112B)
Class com.google.common.cache.LocalCache$Strength$2                                   : loaded 2 times (x 79B)
Class com.google.common.io.ByteStreams                                                : loaded 2 times (x 69B)
Class com.google.common.collect.Interner                                              : loaded 2 times (x 68B)
Class com.google.common.base.Splitter$1                                               : loaded 2 times (x 75B)
Class com.google.common.cache.LocalCache$Strength$3                                   : loaded 2 times (x 79B)
Class com.google.common.collect.MapDifference                                         : loaded 2 times (x 68B)
Class org.objectweb.asm.FieldWriter                                                   : loaded 2 times (x 76B)
Class com.google.common.cache.CacheBuilder$NullListener                               : loaded 2 times (x 80B)
Class org.gradle.internal.classpath.TransformedClassPath                              : loaded 2 times (x 94B)
Class org.gradle.internal.classloader.InstrumentingClassLoader                        : loaded 2 times (x 68B)
Class com.google.common.collect.ImmutableRangeSet$AsSet                               : loaded 2 times (x 298B)
Class com.google.common.cache.CacheLoader$FunctionToCacheLoader                       : loaded 2 times (x 73B)
Class com.google.common.collect.Iterators$ArrayItr                                    : loaded 2 times (x 95B)
Class com.google.common.collect.ImmutableCollection$Builder                           : loaded 2 times (x 74B)
Class com.google.common.base.Joiner                                                   : loaded 2 times (x 77B)
Class com.google.common.base.MoreObjects                                              : loaded 2 times (x 69B)
Class com.google.common.collect.Platform                                              : loaded 2 times (x 69B)
Class [Lorg.objectweb.asm.Type;                                                       : loaded 2 times (x 67B)
Class com.google.common.collect.UnmodifiableIterator                                  : loaded 2 times (x 78B)
Class org.gradle.internal.service.ServiceLocator                                      : loaded 2 times (x 68B)
Class com.google.common.base.Ascii                                                    : loaded 2 times (x 69B)
Class com.google.common.collect.SingletonImmutableBiMap                               : loaded 2 times (x 141B)
Class com.google.common.cache.LocalCache$1                                            : loaded 2 times (x 87B)
Class com.google.common.collect.AbstractMapEntry                                      : loaded 2 times (x 79B)
Class com.google.common.collect.Sets$ImprovedAbstractSet                              : loaded 2 times (x 133B)
Class com.google.common.collect.ImmutableList$Builder                                 : loaded 2 times (x 75B)
Class com.google.common.collect.AbstractMultimap                                      : loaded 2 times (x 121B)
Class com.google.common.cache.LocalCache$2                                            : loaded 2 times (x 140B)
Class com.google.common.collect.ImmutableRangeSet$1                                   : loaded 2 times (x 208B)
Class com.google.common.util.concurrent.AbstractFuture$UnsafeAtomicHelper$1           : loaded 2 times (x 74B)
Class com.google.common.collect.RegularImmutableAsList                                : loaded 2 times (x 215B)
Class com.google.common.base.Optional                                                 : loaded 2 times (x 78B)
Class com.google.common.collect.Range                                                 : loaded 2 times (x 85B)
Class com.google.common.util.concurrent.AbstractFuture$Trusted                        : loaded 2 times (x 68B)
Class com.google.common.collect.Iterators                                             : loaded 2 times (x 69B)
Class com.google.common.collect.Lists$StringAsImmutableList                           : loaded 2 times (x 205B)
Class com.google.common.util.concurrent.UncheckedExecutionException                   : loaded 2 times (x 80B)
Class org.gradle.kotlin.dsl.VersionCatalogAccessorsKt                                 : loaded 2 times (x 69B)
Class ijKotlinCoroutineJvmDebugInit1_9sv6alppme9gmt0k1rtk5kuhh$_run_closure1$_closure2: loaded 2 times (x 137B)
Class org.gradle.internal.InternalTransformer                                         : loaded 2 times (x 68B)
Class com.google.common.collect.AbstractMapBasedMultimap$KeySet$1                     : loaded 2 times (x 80B)
Class org.objectweb.asm.ClassWriter                                                   : loaded 2 times (x 104B)
Class com.google.common.base.CharMatcher$And                                          : loaded 2 times (x 110B)
Class com.google.common.cache.CacheLoader$UnsupportedLoadingOperationException        : loaded 2 times (x 80B)
Class org.gradle.internal.classloader.ClasspathUtil$1                                 : loaded 2 times (x 74B)
Class com.google.common.collect.FluentIterable$1                                      : loaded 2 times (x 79B)
Class com.google.common.base.Objects                                                  : loaded 2 times (x 69B)
Class org.objectweb.asm.FieldVisitor                                                  : loaded 2 times (x 75B)
Class com.google.common.collect.IndexedImmutableSet                                   : loaded 2 times (x 150B)
Class com.google.common.collect.ImmutableMap$1                                        : loaded 2 times (x 79B)
Class com.google.common.collect.BiMap                                                 : loaded 2 times (x 68B)
Class org.gradle.api.internal.classpath.DefaultModuleRegistry$DefaultModule           : loaded 2 times (x 84B)
Class com.google.common.base.Absent                                                   : loaded 2 times (x 78B)
Class com.google.common.collect.FluentIterable$2                                      : loaded 2 times (x 79B)
Class com.google.common.collect.RegularImmutableMap$KeySet                            : loaded 2 times (x 150B)
Class com.google.common.collect.AbstractIterator                                      : loaded 2 times (x 80B)
Class com.google.common.collect.FluentIterable$3                                      : loaded 2 times (x 79B)
Class com.google.common.collect.ObjectArrays                                          : loaded 2 times (x 69B)
Class com.google.common.collect.Multiset                                              : loaded 2 times (x 68B)
Class com.google.common.collect.ArrayListMultimapGwtSerializationDependencies         : loaded 2 times (x 170B)
Class com.google.common.collect.AbstractIndexedListIterator                           : loaded 2 times (x 94B)
Class com.google.common.math.MathPreconditions                                        : loaded 2 times (x 69B)
Class com.google.common.collect.ImmutableMapEntrySet                                  : loaded 2 times (x 150B)
Class org.gradle.api.internal.classpath.Module                                        : loaded 2 times (x 68B)
Class com.google.common.cache.Weigher                                                 : loaded 2 times (x 68B)
Class org.gradle.api.internal.classpath.UnknownModuleException                        : loaded 2 times (x 80B)
Class com.google.common.base.Stopwatch                                                : loaded 2 times (x 70B)
Class com.google.common.cache.LocalCache$Strength                                     : loaded 2 times (x 79B)
Class com.google.common.cache.Cache                                                   : loaded 2 times (x 68B)
Class com.google.common.base.NullnessCasts                                            : loaded 2 times (x 69B)
Class com.google.common.util.concurrent.AbstractFuture$Cancellation                   : loaded 2 times (x 70B)
Class com.google.common.collect.ImmutableMap$Builder                                  : loaded 2 times (x 80B)
Class com.google.common.base.Present                                                  : loaded 2 times (x 79B)
Class com.google.common.cache.RemovalListener                                         : loaded 2 times (x 68B)
Class org.gradle.api.internal.DefaultClassPathRegistry                                : loaded 2 times (x 74B)
Class com.google.common.primitives.IntsMethodsForWeb                                  : loaded 2 times (x 69B)
Class com.google.common.collect.Multimap                                              : loaded 2 times (x 68B)
Class org.gradle.api.internal.ClassPathRegistry                                       : loaded 2 times (x 68B)
Class org.gradle.internal.classpath.DefaultClassPath$ImmutableUniqueList              : loaded 2 times (x 197B)
Class com.google.common.base.ExtraObjectsMethodsForWeb                                : loaded 2 times (x 69B)
Class com.google.common.base.Equivalence$Identity                                     : loaded 2 times (x 80B)
Class com.google.common.cache.CacheBuilder                                            : loaded 2 times (x 70B)
Class com.google.common.collect.SingletonImmutableList                                : loaded 2 times (x 205B)
Class Settings_gradle$1                                                               : loaded 2 times (x 72B)
Class org.gradle.internal.classpath.ClassPath                                         : loaded 2 times (x 68B)
Class org.gradle.api.UncheckedIOException                                             : loaded 2 times (x 80B)
Class com.google.common.base.JdkPattern                                               : loaded 2 times (x 73B)
Class com.google.common.collect.ImmutableList$ReverseImmutableList                    : loaded 2 times (x 207B)
Class ijKotlinCoroutineJvmDebugInit1_9sv6alppme9gmt0k1rtk5kuhh$_run_closure1          : loaded 2 times (x 137B)
Class org.objectweb.asm.SymbolTable$Entry                                             : loaded 2 times (x 72B)
Class com.google.common.util.concurrent.AbstractFuture$AtomicHelper                   : loaded 2 times (x 76B)
Class org.objectweb.asm.Edge                                                          : loaded 2 times (x 70B)
Class com.google.common.base.Suppliers$SupplierOfInstance                             : loaded 2 times (x 77B)
Class com.google.common.collect.Iterators$1                                           : loaded 2 times (x 79B)
Class com.google.common.cache.LocalCache$ComputingValueReference                      : loaded 2 times (x 94B)
Class com.google.common.collect.SingletonImmutableSet                                 : loaded 2 times (x 144B)
Class com.google.common.collect.ImmutableMap$IteratorBasedImmutableMap                : loaded 2 times (x 124B)
Class com.google.common.cache.LocalCache$Segment                                      : loaded 2 times (x 152B)
Class com.google.common.collect.SortedIterable                                        : loaded 2 times (x 68B)
Class com.google.common.collect.AbstractListMultimap                                  : loaded 2 times (x 170B)
Class [Lorg.objectweb.asm.SymbolTable$Entry;                                          : loaded 2 times (x 67B)
Class com.google.common.cache.CacheLoader                                             : loaded 2 times (x 72B)
Class com.google.common.collect.Iterators$4                                           : loaded 2 times (x 80B)
Class com.google.common.collect.ImmutableBiMap                                        : loaded 2 times (x 141B)
Class org.gradle.internal.installation.GradleInstallation$1                           : loaded 2 times (x 73B)
Class org.gradle.api.internal.classpath.ModuleRegistry                                : loaded 2 times (x 68B)
Class com.google.common.base.Splitter$SplittingIterator                               : loaded 2 times (x 82B)
Class com.google.common.util.concurrent.internal.InternalFutureFailureAccess          : loaded 2 times (x 70B)
Class com.google.common.collect.Iterators$5                                           : loaded 2 times (x 80B)
Class com.google.common.collect.ImmutableSet$JdkBackedSetBuilderImpl                  : loaded 2 times (x 74B)
Class com.google.common.util.concurrent.AbstractFuture$UnsafeAtomicHelper             : loaded 2 times (x 76B)
Class com.google.common.base.CharMatcher$ForPredicate                                 : loaded 2 times (x 110B)
Class com.google.common.cache.LocalCache$LocalManualCache$1                           : loaded 2 times (x 73B)
Class com.google.common.base.CharMatcher$AnyOf                                        : loaded 2 times (x 110B)
Class com.google.common.collect.ImmutableCollection                                   : loaded 2 times (x 123B)
Class org.gradle.api.internal.classpath.DefaultModuleRegistry                         : loaded 2 times (x 84B)
Class com.google.common.collect.Lists                                                 : loaded 2 times (x 69B)
Class com.google.common.util.concurrent.ListenableFuture                              : loaded 2 times (x 68B)
Class com.google.common.cache.ReferenceEntry                                          : loaded 2 times (x 68B)
Class com.google.common.base.Converter                                                : loaded 2 times (x 88B)
Class com.google.common.collect.ImmutableSet$CachingAsList                            : loaded 2 times (x 146B)
Class com.google.common.collect.AbstractMapBasedMultimap                              : loaded 2 times (x 137B)
Class com.google.common.util.concurrent.AbstractFuture                                : loaded 2 times (x 104B)
Class com.google.common.base.FunctionalEquivalence                                    : loaded 2 times (x 81B)
Class com.google.common.collect.Iterators$9                                           : loaded 2 times (x 79B)
Class com.google.common.collect.ImmutableAsList                                       : loaded 2 times (x 207B)
Class org.objectweb.asm.RecordComponentVisitor                                        : loaded 2 times (x 75B)
Class com.google.common.cache.CacheLoader$SupplierToCacheLoader                       : loaded 2 times (x 73B)
Class com.google.common.collect.Maps$EntryTransformer                                 : loaded 2 times (x 68B)
Class org.gradle.internal.service.ServiceLookupException                              : loaded 2 times (x 80B)
Class com.google.common.collect.ImmutableSortedSet                                    : loaded 2 times (x 298B)
Class [Lcom.google.common.cache.LocalCache$EntryFactory;                              : loaded 2 times (x 67B)
Class org.gradle.internal.classloader.ClassLoaderFactory                              : loaded 2 times (x 68B)
Class com.google.common.base.CommonPattern                                            : loaded 2 times (x 72B)
Class com.google.common.base.CharMatcher$IsNot                                        : loaded 2 times (x 109B)
Class com.google.common.cache.LocalCache$LocalManualCache                             : loaded 2 times (x 97B)
Class org.gradle.internal.service.CachingServiceLocator                               : loaded 2 times (x 80B)
Class com.google.common.collect.RegularImmutableSortedSet                             : loaded 2 times (x 298B)
Class com.google.common.collect.AbstractMapBasedMultimap$KeySet                       : loaded 2 times (x 135B)
Class com.google.common.math.IntMath                                                  : loaded 2 times (x 69B)
Class com.google.common.collect.ImmutableMapEntry                                     : loaded 2 times (x 83B)
Class ijJvmDebugger1_dgb1k7ejekh1sld7z8yo85rke$_run_closure1$_closure2                : loaded 2 times (x 138B)
Class com.google.common.base.Equivalence                                              : loaded 2 times (x 80B)
Class com.google.common.base.Function                                                 : loaded 2 times (x 68B)
Class com.google.common.collect.ImmutableMapEntry$NonTerminalImmutableMapEntry        : loaded 2 times (x 83B)
Class com.google.common.collect.IndexedImmutableSet$1                                 : loaded 2 times (x 211B)
Class com.google.common.cache.CacheBuilder$OneWeigher                                 : loaded 2 times (x 80B)
Class com.google.common.collect.RegularImmutableList                                  : loaded 2 times (x 211B)
Class org.gradle.internal.classloader.ClasspathUtil                                   : loaded 2 times (x 69B)
Class com.google.common.base.Charsets                                                 : loaded 2 times (x 69B)
Class com.google.common.util.concurrent.Uninterruptibles                              : loaded 2 times (x 69B)
Class com.google.common.collect.Maps                                                  : loaded 2 times (x 69B)
Class ijJvmDebugger1_dgb1k7ejekh1sld7z8yo85rke                                        : loaded 2 times (x 177B)
Class org.gradle.api.specs.Spec                                                       : loaded 2 times (x 68B)
Class [Lcom.google.common.collect.ImmutableEntry;                                     : loaded 2 times (x 67B)
Class com.google.common.cache.LocalCache$LoadingValueReference                        : loaded 2 times (x 94B)
Class com.google.common.primitives.Ints                                               : loaded 2 times (x 69B)
Class com.google.common.base.Platform                                                 : loaded 2 times (x 69B)
Class [Lorg.objectweb.asm.AnnotationWriter;                                           : loaded 2 times (x 67B)
Class com.google.common.collect.Maps$8                                                : loaded 2 times (x 80B)
Class com.google.common.collect.ImmutableRangeSet$Builder                             : loaded 2 times (x 75B)
Class com.google.common.collect.Sets$SetView                                          : loaded 2 times (x 136B)
Class com.google.common.cache.LocalCache$StrongValueReference                         : loaded 2 times (x 88B)
Class com.google.common.util.concurrent.AbstractFuture$SynchronizedHelper             : loaded 2 times (x 76B)
Class org.objectweb.asm.Type                                                          : loaded 2 times (x 70B)
Class ijKotlinCoroutineJvmDebugInit1_9sv6alppme9gmt0k1rtk5kuhh                        : loaded 2 times (x 177B)
Class org.gradle.internal.classloader.VisitableURLClassLoader$InstrumentingVisitableURLClassLoader: loaded 2 times (x 121B)
Class org.objectweb.asm.ByteVector                                                    : loaded 2 times (x 77B)
Class [Lcom.google.common.cache.CacheBuilder$NullListener;                            : loaded 2 times (x 67B)
Class com.google.common.math.IntMath$1                                                : loaded 2 times (x 69B)
Class org.gradle.internal.classloader.VisitableURLClassLoader$Spec                    : loaded 2 times (x 72B)
Class org.gradle.internal.classpath.DefaultClassPath                                  : loaded 2 times (x 88B)
Class com.google.common.base.AbstractIterator                                         : loaded 2 times (x 78B)
Class org.objectweb.asm.Symbol                                                        : loaded 2 times (x 71B)
Class com.google.common.io.Closer                                                     : loaded 2 times (x 76B)
Class com.google.common.base.CharMatcher$Ascii                                        : loaded 2 times (x 110B)
Class com.google.common.base.CharMatcher$BitSetMatcher                                : loaded 2 times (x 110B)
Class com.google.common.collect.ImmutableSet                                          : loaded 2 times (x 143B)
Class com.google.common.collect.RegularImmutableMap$Values                            : loaded 2 times (x 205B)
Class org.gradle.internal.classloader.ClassLoaderSpec                                 : loaded 2 times (x 69B)
Class org.objectweb.asm.AnnotationWriter                                              : loaded 2 times (x 77B)
Class com.google.common.cache.CacheStats                                              : loaded 2 times (x 69B)
Class com.google.common.io.Closer$Suppressor                                          : loaded 2 times (x 68B)
Class org.objectweb.asm.RecordComponentWriter                                         : loaded 2 times (x 76B)
Class com.google.common.util.concurrent.AbstractFuture$Listener                       : loaded 2 times (x 70B)
Class com.google.common.base.CharMatcher$Or                                           : loaded 2 times (x 110B)
Class Settings_gradle$1$1                                                             : loaded 2 times (x 72B)
Class org.objectweb.asm.Attribute                                                     : loaded 2 times (x 75B)
Class com.google.common.base.Supplier                                                 : loaded 2 times (x 68B)
Class org.gradle.internal.classloader.VisitableURLClassLoader                         : loaded 2 times (x 115B)
Class com.google.common.collect.ImmutableList$SerializedForm                          : loaded 2 times (x 71B)
Class com.google.common.util.concurrent.AbstractFuture$Waiter                         : loaded 2 times (x 70B)
Class Settings_gradle                                                                 : loaded 2 times (x 126B)
Class org.gradle.internal.Cast                                                        : loaded 2 times (x 69B)
Class org.gradle.api.Action                                                           : loaded 2 times (x 68B)
Class com.google.common.base.Strings                                                  : loaded 2 times (x 69B)
Class com.google.common.collect.Sets                                                  : loaded 2 times (x 69B)
Class org.objectweb.asm.Handler                                                       : loaded 2 times (x 70B)
Class com.google.common.base.CharMatcher$FastMatcher                                  : loaded 2 times (x 109B)
Class com.google.common.base.Ticker                                                   : loaded 2 times (x 70B)
Class [Lcom.google.common.cache.LocalCache$Segment;                                   : loaded 2 times (x 67B)
Class com.google.common.base.Predicate                                                : loaded 2 times (x 68B)
Class [Lcom.google.common.cache.LocalCache$Strength;                                  : loaded 2 times (x 67B)
Class com.google.common.cache.CacheBuilder$1                                          : loaded 2 times (x 83B)
Class com.google.common.collect.ImmutableMap                                          : loaded 2 times (x 118B)
Class org.gradle.internal.classpath.DefaultClassPath$ImmutableUniqueList$Builder      : loaded 2 times (x 73B)
Class com.google.common.collect.AbstractRangeSet                                      : loaded 2 times (x 112B)
Class com.google.common.base.CharMatcher$NegatedFastMatcher                           : loaded 2 times (x 111B)
Class com.google.common.cache.LocalCache                                              : loaded 2 times (x 185B)
Class com.google.common.cache.CacheBuilder$2                                          : loaded 2 times (x 77B)
Class com.google.common.collect.ArrayListMultimap                                     : loaded 2 times (x 170B)
Class com.google.common.cache.CacheBuilder$3                                          : loaded 2 times (x 70B)
Class [Lcom.google.common.collect.AbstractMapEntry;                                   : loaded 2 times (x 67B)
Class com.google.common.collect.ImmutableEntry                                        : loaded 2 times (x 80B)
Class org.gradle.api.GradleException                                                  : loaded 2 times (x 80B)
Class com.google.common.base.Suppliers$MemoizingSupplier                              : loaded 2 times (x 77B)
Class com.google.common.collect.CollectPreconditions                                  : loaded 2 times (x 69B)
Class com.google.common.collect.SortedMapDifference                                   : loaded 2 times (x 68B)
Class com.google.common.collect.Iterables$4                                           : loaded 2 times (x 79B)
Class com.google.common.cache.LocalCache$EntryFactory                                 : loaded 2 times (x 81B)
Class com.google.common.base.CharMatcher$Whitespace                                   : loaded 2 times (x 110B)
Class com.google.common.base.Splitter$1$1                                             : loaded 2 times (x 84B)
Class com.google.common.cache.LocalCache$AbstractReferenceEntry                       : loaded 2 times (x 105B)
Class org.gradle.internal.IoActions                                                   : loaded 2 times (x 69B)
Class com.google.common.collect.ImmutableRangeSet$ComplementRanges                    : loaded 2 times (x 205B)
Class org.objectweb.asm.SymbolTable                                                   : loaded 2 times (x 70B)
Class com.google.common.cache.CacheLoader$InvalidCacheLoadException                   : loaded 2 times (x 80B)
Class com.google.common.collect.ImmutableSet$RegularSetBuilderImpl                    : loaded 2 times (x 75B)
Class org.gradle.internal.classloader.SystemClassLoaderSpec                           : loaded 2 times (x 69B)
Class com.google.common.collect.FluentIterable                                        : loaded 2 times (x 79B)
Class com.google.common.cache.LocalCache$StrongEntry                                  : loaded 2 times (x 106B)
Class com.google.common.util.concurrent.AbstractFuture$TrustedFuture                  : loaded 2 times (x 112B)
Class com.google.common.cache.LoadingCache                                            : loaded 2 times (x 68B)
Class com.google.common.io.ByteStreams$LimitedInputStream                             : loaded 2 times (x 90B)
Class com.google.common.base.Suppliers$NonSerializableMemoizingSupplier               : loaded 2 times (x 77B)
Class org.objectweb.asm.MethodWriter                                                  : loaded 2 times (x 104B)
Class [Lcom.google.common.cache.Weigher;                                              : loaded 2 times (x 67B)
Class com.google.common.collect.RegularImmutableMap$BucketOverflowException           : loaded 2 times (x 80B)
Class com.google.common.collect.AbstractIterator$State                                : loaded 2 times (x 77B)
Class com.google.common.collect.RegularImmutableBiMap                                 : loaded 2 times (x 147B)
Class com.google.common.base.CharMatcher$Negated                                      : loaded 2 times (x 111B)
Class com.google.common.base.CharMatcher$Is                                           : loaded 2 times (x 109B)
Class com.google.common.cache.LocalCache$ValueReference                               : loaded 2 times (x 68B)
Class com.google.common.base.PatternCompiler                                          : loaded 2 times (x 68B)
Class com.google.common.util.concurrent.AbstractFuture$Failure                        : loaded 2 times (x 70B)
Class com.google.common.base.Equivalence$Equals                                       : loaded 2 times (x 80B)
Class com.google.common.collect.Hashing                                               : loaded 2 times (x 69B)
Class com.google.common.base.Preconditions                                            : loaded 2 times (x 69B)
Class com.google.common.base.Joiner$1                                                 : loaded 2 times (x 78B)
Class org.objectweb.asm.Label                                                         : loaded 2 times (x 71B)
Class org.objectweb.asm.CurrentFrame                                                  : loaded 2 times (x 71B)
Class org.objectweb.asm.ClassTooLargeException                                        : loaded 2 times (x 81B)
Class com.google.common.base.CharMatcher                                              : loaded 2 times (x 109B)
Class com.google.common.collect.PeekingIterator                                       : loaded 2 times (x 68B)
Class com.google.common.collect.RangeGwtSerializationDependencies                     : loaded 2 times (x 69B)
Class com.google.common.collect.Maps$IteratorBasedAbstractMap                         : loaded 2 times (x 123B)
Class com.google.common.base.Joiner$2                                                 : loaded 2 times (x 77B)
Class org.objectweb.asm.Frame                                                         : loaded 2 times (x 71B)
Class org.objectweb.asm.MethodVisitor                                                 : loaded 2 times (x 103B)
Class com.google.common.base.CharMatcher$NamedFastMatcher                             : loaded 2 times (x 110B)
Class com.google.common.base.CharMatcher$1                                            : loaded 2 times (x 111B)
Class com.google.common.cache.LocalCache$EntryFactory$1                               : loaded 2 times (x 81B)
Class [Lcom.google.common.cache.RemovalListener;                                      : loaded 2 times (x 67B)
Class com.google.common.collect.RangeSet                                              : loaded 2 times (x 68B)
Class com.google.common.cache.LocalCache$EntryFactory$2                               : loaded 2 times (x 81B)
Class org.gradle.api.internal.classpath.GlobalCacheRootsProvider                      : loaded 2 times (x 68B)
Class com.google.common.collect.CollectCollectors                                     : loaded 2 times (x 69B)
Class org.objectweb.asm.ModuleWriter                                                  : loaded 2 times (x 80B)
Class com.google.common.cache.LocalCache$EntryFactory$3                               : loaded 2 times (x 81B)
Class com.google.common.base.Ticker$1                                                 : loaded 2 times (x 70B)
Class com.google.common.collect.Maps$BiMapConverter                                   : loaded 2 times (x 88B)
Class com.google.common.collect.ImmutableMapEntrySet$RegularEntrySet                  : loaded 2 times (x 150B)
Class com.google.common.base.CharMatcher$InRange                                      : loaded 2 times (x 109B)
Class com.google.common.cache.LocalCache$EntryFactory$4                               : loaded 2 times (x 81B)
Class com.google.common.collect.ImmutableSet$Builder                                  : loaded 2 times (x 83B)
Class com.google.common.io.ByteStreams$1                                              : loaded 2 times (x 83B)
Class com.google.common.cache.LocalCache$EntryFactory$5                               : loaded 2 times (x 81B)
Class ijJvmDebugger1_dgb1k7ejekh1sld7z8yo85rke$_run_closure1                          : loaded 2 times (x 137B)
Class com.google.common.base.PairwiseEquivalence                                      : loaded 2 times (x 81B)
Class com.google.common.cache.LocalCache$EntryFactory$6                               : loaded 2 times (x 81B)
Class org.gradle.internal.installation.CurrentGradleInstallationLocator               : loaded 2 times (x 69B)
Class com.google.common.collect.Maps$KeySet                                           : loaded 2 times (x 135B)
Class com.google.common.cache.LocalCache$EntryFactory$7                               : loaded 2 times (x 81B)
Class com.google.common.collect.ImmutableSet$EmptySetBuilderImpl                      : loaded 2 times (x 74B)
Class com.google.common.collect.ImmutableList                                         : loaded 2 times (x 204B)
Class org.gradle.internal.service.DefaultServiceLocator                               : loaded 2 times (x 81B)
Class com.google.common.cache.LocalCache$EntryFactory$8                               : loaded 2 times (x 81B)
Class com.google.common.collect.ImmutableSet$SetBuilderImpl                           : loaded 2 times (x 74B)
Class org.gradle.internal.installation.CurrentGradleInstallation                      : loaded 2 times (x 71B)
Class com.google.common.cache.CacheLoader$1                                           : loaded 2 times (x 73B)
Class com.google.common.collect.ForwardingObject                                      : loaded 2 times (x 70B)
Class com.google.common.collect.ImmutableList$SubList                                 : loaded 2 times (x 207B)
Class org.gradle.util.internal.GUtil                                                  : loaded 2 times (x 69B)
Class com.google.common.util.concurrent.AbstractFuture$SetFuture                      : loaded 2 times (x 73B)
Class com.google.common.cache.AbstractCache$StatsCounter                              : loaded 2 times (x 68B)
Class com.google.common.collect.Iterators$MergingIterator                             : loaded 2 times (x 79B)
Class com.google.common.collect.RegularImmutableSet                                   : loaded 2 times (x 147B)
Class org.gradle.internal.installation.GradleInstallation                             : loaded 2 times (x 73B)
Class com.google.common.base.Splitter$Strategy                                        : loaded 2 times (x 68B)
Class com.google.common.collect.Iterables                                             : loaded 2 times (x 69B)

---------------  S Y S T E M  ---------------

OS:
 Windows 11 , 64 bit Build 26100 (10.0.26100.8246)
OS uptime: 4 days 14:18 hours

CPU: total 8 (initial active 8) (8 cores per cpu, 2 threads per core) family 23 model 160 stepping 0 microcode 0x8a00006, cx8, cmov, fxsr, ht, mmx, 3dnowpref, sse, sse2, sse3, ssse3, sse4a, sse4.1, sse4.2, popcnt, lzcnt, tsc, tscinvbit, avx, avx2, aes, clmul, bmi1, bmi2, adx, sha, fma, vzeroupper, clflush, clflushopt, rdtscp, rdpid, f16c
Processor Information for the first 8 processors :
  Max Mhz: 2401, Current Mhz: 2401, Mhz Limit: 2401

Memory: 4k page, system-wide physical 5877M (5M free)
TotalPageFile size 24309M (AvailPageFile size 0M)
current process WorkingSet (physical memory assigned to process): 363M, peak: 568M
current process commit charge ("private bytes"): 940M, peak: 940M

vm_info: OpenJDK 64-Bit Server VM (21.0.7+-13880790-b1038.58) for windows-amd64 JRE (21.0.7+-13880790-b1038.58), built on 2025-08-04T20:56:21Z by "builder" with MS VC++ 16.10 / 16.11 (VS2019)

END.
